,utid,participant,experiment,difficulty,scenario,actions,accuracy,judgement_accuracy,posterior_entropy
29726,2-59402f40e9b44100013b1789-crime_3-congruent,59402f40e9b44100013b1789,experiment_2,1,crime,TA,0.7266638632047331,0.7249078778378493,13.92600768
29730,2-59402f40e9b44100013b1789-estate_3-incongruent,59402f40e9b44100013b1789,experiment_2,2,estate,TA,0.6777809182993317,0.5206111551190691,13.91971399
29734,2-59402f40e9b44100013b1789-finance_3-implausible,59402f40e9b44100013b1789,experiment_2,3,finance,TA,0.9282041841382261,0.456442693495391,13.913824
29742,2-59de425bbe399f0001e4975e-crime_5-incongruent,59de425bbe399f0001e4975e,experiment_2,2,crime,TA,0.5654759053732592,0.6507848521152109,13.93156857
29746,2-59de425bbe399f0001e4975e-estate_5-implausible,59de425bbe399f0001e4975e,experiment_2,3,estate,TA,0.4647556758951231,0.4538813187272498,13.93156857
29750,2-59de425bbe399f0001e4975e-finance_5-congruent,59de425bbe399f0001e4975e,experiment_2,1,finance,TA,0.5638990379742845,0.6026402928804868,13.93156857
29758,2-5b6baad47e435d0001c1c88f-crime_5-incongruent,5b6baad47e435d0001c1c88f,experiment_2,2,crime,TA,0.8726570920065974,0.8639172365120457,12.87919517
29762,2-5b6baad47e435d0001c1c88f-estate_5-implausible,5b6baad47e435d0001c1c88f,experiment_2,3,estate,TA,0.8143046618229481,0.8241368854718353,12.87946615
29766,2-5b6baad47e435d0001c1c88f-finance_5-congruent,5b6baad47e435d0001c1c88f,experiment_2,1,finance,TA,1.0,0.8960249510179927,12.87919517
29778,2-5b74413e722bd2000195c067-crime_1-implausible,5b74413e722bd2000195c067,experiment_2,3,crime,TA,0.8356010126946427,0.7548280407194038,11.99995473
29782,2-5b74413e722bd2000195c067-estate_1-congruent,5b74413e722bd2000195c067,experiment_2,1,estate,TA,0.9237507148336976,0.8885443574849294,11.99995474
29786,2-5b74413e722bd2000195c067-finance_1-incongruent,5b74413e722bd2000195c067,experiment_2,2,finance,TA,0.8643353105061596,0.8541350085021054,11.99995473
29790,2-5ba4d6c929629d00014e6c28-crime_4-implausible,5ba4d6c929629d00014e6c28,experiment_2,3,crime,TA,0.7846125524146785,0.7618802172690495,12.46980109
29794,2-5ba4d6c929629d00014e6c28-estate_4-incongruent,5ba4d6c929629d00014e6c28,experiment_2,2,estate,TA,0.8143046618229481,0.8989847455447789,12.46980109
29798,2-5ba4d6c929629d00014e6c28-finance_4-congruent,5ba4d6c929629d00014e6c28,experiment_2,1,finance,TA,0.8651600275073517,0.8054804949681451,12.46980109
29810,2-5badf0aeae1d020001df2cc7-crime_2-incongruent,5badf0aeae1d020001df2cc7,experiment_2,2,crime,TA,0.6966445321453714,0.5638990379742845,13.93156857
29814,2-5badf0aeae1d020001df2cc7-estate_2-congruent,5badf0aeae1d020001df2cc7,experiment_2,1,estate,TA,0.5224330670590808,0.5394338135281617,13.93156857
29818,2-5badf0aeae1d020001df2cc7-finance_2-implausible,5badf0aeae1d020001df2cc7,experiment_2,3,finance,TA,0.7846125524146785,0.6307255270620018,13.93156857
29822,2-5c6d938c79151c00017c7560-crime_0-congruent,5c6d938c79151c00017c7560,experiment_2,1,crime,TA,1.0,0.8478548451374539,11.46990899
29826,2-5c6d938c79151c00017c7560-estate_0-implausible,5c6d938c79151c00017c7560,experiment_2,3,estate,TA,0.8719631200671041,0.8790283242181732,11.46990899
29830,2-5c6d938c79151c00017c7560-finance_0-incongruent,5c6d938c79151c00017c7560,experiment_2,2,finance,TA,0.91695452014626,0.8483803912842194,11.46990899
29842,2-5c74f0d525c76b0010706736-crime_2-incongruent,5c74f0d525c76b0010706736,experiment_2,2,crime,TA,0.8927887465162205,0.5989524207289604,13.22660401
29846,2-5c74f0d525c76b0010706736-estate_2-congruent,5c74f0d525c76b0010706736,experiment_2,1,estate,TA,1.0,0.8514778685534988,13.22660401
29850,2-5c74f0d525c76b0010706736-finance_2-implausible,5c74f0d525c76b0010706736,experiment_2,3,finance,TA,0.8984653834866381,0.5196155385847386,13.22815795
29854,2-5c9124ef3b7f9e0013728485-crime_0-congruent,5c9124ef3b7f9e0013728485,experiment_2,1,crime,TA,0.9241901956421097,0.8521557458090854,9.508722271
29858,2-5c9124ef3b7f9e0013728485-estate_0-implausible,5c9124ef3b7f9e0013728485,experiment_2,3,estate,TA,0.8762820851736516,0.8295014151323816,9.508722271
29862,2-5c9124ef3b7f9e0013728485-finance_0-incongruent,5c9124ef3b7f9e0013728485,experiment_2,2,finance,TA,0.8005689911956335,0.8954583253021366,9.508722271
29874,2-5cae09506d573900175d4727-crime_2-incongruent,5cae09506d573900175d4727,experiment_2,2,crime,TA,1.0,0.7082700170042109,13.21463212
29878,2-5cae09506d573900175d4727-estate_2-congruent,5cae09506d573900175d4727,experiment_2,1,estate,TA,0.8561610095543848,0.7883963152424205,13.21463203
29882,2-5cae09506d573900175d4727-finance_2-implausible,5cae09506d573900175d4727,experiment_2,3,finance,TA,0.8024540806700821,0.7103172702488394,13.21463203
29890,2-5cb304b63742a400153b756d-crime_4-implausible,5cb304b63742a400153b756d,experiment_2,3,crime,TA,0.8954583253021366,0.8585786437626906,8.723388332
29894,2-5cb304b63742a400153b756d-estate_4-incongruent,5cb304b63742a400153b756d,experiment_2,2,estate,TA,0.8433479100024085,0.8595121282627459,8.723388332
29898,2-5cb304b63742a400153b756d-finance_4-congruent,5cb304b63742a400153b756d,experiment_2,1,finance,TA,0.9163757989992909,0.9163757989992909,8.723388332
29906,2-5ccc758ab11510001584a1af-crime_1-implausible,5ccc758ab11510001584a1af,experiment_2,3,crime,TA,0.8984653834866381,0.8921672267965616,11.46990896
29910,2-5ccc758ab11510001584a1af-estate_1-congruent,5ccc758ab11510001584a1af,experiment_2,1,estate,TA,1.0,0.9237507148336976,11.46990896
29914,2-5ccc758ab11510001584a1af-finance_1-incongruent,5ccc758ab11510001584a1af,experiment_2,2,finance,TA,0.8927887465162205,0.6952112619150963,11.46990896
29922,2-5cd98287b0c5ec0001e0965a-crime_2-incongruent,5cd98287b0c5ec0001e0965a,experiment_2,2,crime,TA,0.8093074821508816,0.6348516283298893,11.46990859
29926,2-5cd98287b0c5ec0001e0965a-estate_2-congruent,5cd98287b0c5ec0001e0965a,experiment_2,1,estate,TA,1.0,0.8817375208021835,11.46990859
29930,2-5cd98287b0c5ec0001e0965a-finance_2-implausible,5cd98287b0c5ec0001e0965a,experiment_2,3,finance,TA,0.840280858750015,0.7234087271072401,11.46990859
29934,2-5cdeaeb3557fbd00018a2c59-crime_5-incongruent,5cdeaeb3557fbd00018a2c59,experiment_2,2,crime,TA,0.9012270403350411,0.8954583253021366,7.86761434
29938,2-5cdeaeb3557fbd00018a2c59-estate_5-implausible,5cdeaeb3557fbd00018a2c59,experiment_2,3,estate,TA,0.9260778729045427,0.8347050987731784,7.86761434
29942,2-5cdeaeb3557fbd00018a2c59-finance_5-congruent,5cdeaeb3557fbd00018a2c59,experiment_2,1,finance,TA,1.0,1.0,7.86761434
29954,2-5cf92c7255e1370001e54adb-crime_4-implausible,5cf92c7255e1370001e54adb,experiment_2,3,crime,TA,0.8438262381113939,0.8719631200671041,12.86898502
29958,2-5cf92c7255e1370001e54adb-estate_4-incongruent,5cf92c7255e1370001e54adb,experiment_2,2,estate,TA,0.8643353105061596,0.8984653834866381,12.86898502
29962,2-5cf92c7255e1370001e54adb-finance_4-congruent,5cf92c7255e1370001e54adb,experiment_2,1,finance,TA,0.8643353105061596,0.8237731557874397,12.86898503
29970,2-5d29fbc8f91bdd0016e98503-crime_1-implausible,5d29fbc8f91bdd0016e98503,experiment_2,3,crime,TA,0.6507848521152109,0.7226499018873855,13.93156857
29974,2-5d29fbc8f91bdd0016e98503-estate_1-congruent,5d29fbc8f91bdd0016e98503,experiment_2,1,estate,TA,0.5654759053732592,0.5675744342448066,13.93156857
29978,2-5d29fbc8f91bdd0016e98503-finance_1-incongruent,5d29fbc8f91bdd0016e98503,experiment_2,2,finance,TA,0.6194378024463063,0.5654759053732592,13.93156857
29986,2-5d36ff998129260015c6de19-crime_0-congruent,5d36ff998129260015c6de19,experiment_2,1,crime,TA,1.0,0.8892302448756577,12.49538786
29990,2-5d36ff998129260015c6de19-estate_0-implausible,5d36ff998129260015c6de19,experiment_2,3,estate,TA,0.8639172365120457,0.6966445321453714,12.49538786
29994,2-5d36ff998129260015c6de19-finance_0-incongruent,5d36ff998129260015c6de19,experiment_2,2,finance,TA,0.8817375208021835,0.8433479100024085,12.49538786
29998,2-5d6e3252dfe6d10001dbe508-crime_3-congruent,5d6e3252dfe6d10001dbe508,experiment_2,1,crime,TA,0.8143046618229481,0.8639172365120457,13.03844753
30002,2-5d6e3252dfe6d10001dbe508-estate_3-incongruent,5d6e3252dfe6d10001dbe508,experiment_2,2,estate,TA,0.8126828376836612,0.6282320856854089,13.54566369
30006,2-5d6e3252dfe6d10001dbe508-finance_3-implausible,5d6e3252dfe6d10001dbe508,experiment_2,3,finance,TA,0.8241368854718353,0.7206898061345359,13.03844752
30018,2-5d94c6f5dc0b0e001465072e-crime_3-congruent,5d94c6f5dc0b0e001465072e,experiment_2,1,crime,TA,0.8475014296673953,0.8475014296673953,10.66769622
30022,2-5d94c6f5dc0b0e001465072e-estate_3-incongruent,5d94c6f5dc0b0e001465072e,experiment_2,2,estate,TA,0.8852921330647191,0.8347050987731784,10.24316285
30026,2-5d94c6f5dc0b0e001465072e-finance_3-implausible,5d94c6f5dc0b0e001465072e,experiment_2,3,finance,TA,0.8954583253021366,0.7051160876902057,10.23642211
30030,2-5da60411423c170017b7dc0f-crime_0-congruent,5da60411423c170017b7dc0f,experiment_2,1,crime,TA,0.9098330365332568,0.9098330365332568,12.20735928
30034,2-5da60411423c170017b7dc0f-estate_0-implausible,5da60411423c170017b7dc0f,experiment_2,3,estate,TA,0.8790283242181732,0.8367006838144548,12.2503938
30038,2-5da60411423c170017b7dc0f-finance_0-incongruent,5da60411423c170017b7dc0f,experiment_2,2,finance,TA,0.8927887465162205,0.8116891057113227,12.1993657
30050,2-5dc56fbac34fc53e4e78b820-crime_1-implausible,5dc56fbac34fc53e4e78b820,experiment_2,3,crime,TA,0.9301569704230421,0.8026144915120693,13.92551673
30054,2-5dc56fbac34fc53e4e78b820-estate_1-congruent,5dc56fbac34fc53e4e78b820,experiment_2,1,estate,TA,0.792768763753932,0.7635668781282698,13.92614375
30058,2-5dc56fbac34fc53e4e78b820-finance_1-incongruent,5dc56fbac34fc53e4e78b820,experiment_2,2,finance,TA,0.8679323640511565,0.7937157507482413,13.92603234
30062,2-5e29e902c2253a0587298e26-crime_2-incongruent,5e29e902c2253a0587298e26,experiment_2,2,crime,TA,0.8433479100024085,0.8756459991565483,12.87919517
30066,2-5e29e902c2253a0587298e26-estate_2-congruent,5e29e902c2253a0587298e26,experiment_2,1,estate,TA,0.9188892894346188,0.81004612605476,12.87920843
30070,2-5e29e902c2253a0587298e26-finance_2-implausible,5e29e902c2253a0587298e26,experiment_2,3,finance,TA,0.8438262381113939,0.8564083682764524,12.87919517
30078,2-5e5eb4843accc91e2443212f-crime_0-congruent,5e5eb4843accc91e2443212f,experiment_2,1,crime,TA,0.8927887465162205,0.7690598923241496,13.86765097
30082,2-5e5eb4843accc91e2443212f-estate_0-implausible,5e5eb4843accc91e2443212f,experiment_2,3,estate,TA,0.7729616954067501,0.8259223440443022,13.86765097
30086,2-5e5eb4843accc91e2443212f-finance_0-incongruent,5e5eb4843accc91e2443212f,experiment_2,2,finance,TA,0.8651600275073517,0.8367006838144548,13.86765097
30098,2-5e87a0b5fc57a7415442f97e-crime_5-incongruent,5e87a0b5fc57a7415442f97e,experiment_2,2,crime,TA,0.81004612605476,0.8521557458090854,10.87921246
30102,2-5e87a0b5fc57a7415442f97e-estate_5-implausible,5e87a0b5fc57a7415442f97e,experiment_2,3,estate,TA,0.8394596752330161,0.8762820851736516,10.87921246
30106,2-5e87a0b5fc57a7415442f97e-finance_5-congruent,5e87a0b5fc57a7415442f97e,experiment_2,1,finance,TA,0.8867722965855405,0.8867722965855405,10.87921246
30114,2-5e9948b69223aa17c21564f4-crime_5-incongruent,5e9948b69223aa17c21564f4,experiment_2,2,crime,TA,0.7548280407194038,0.792768763753932,11.55489737
30118,2-5e9948b69223aa17c21564f4-estate_5-implausible,5e9948b69223aa17c21564f4,experiment_2,3,estate,TA,0.9264785377906193,0.6067581211801927,11.55241415
30122,2-5e9948b69223aa17c21564f4-finance_5-congruent,5e9948b69223aa17c21564f4,experiment_2,1,finance,TA,0.8867722965855405,0.8867722965855405,11.5524142
30130,2-5e99e838545b26058749d068-crime_0-congruent,5e99e838545b26058749d068,experiment_2,1,crime,TA,0.8885443574849294,0.8585786437626906,12.20859684
30134,2-5e99e838545b26058749d068-estate_0-implausible,5e99e838545b26058749d068,experiment_2,3,estate,TA,0.7848342585440324,0.8347050987731784,12.20862457
30138,2-5e99e838545b26058749d068-finance_0-incongruent,5e99e838545b26058749d068,experiment_2,2,finance,TA,0.9260778729045427,0.7538170180413345,12.20859442
30142,2-5ecba4b6ef75d53505406d57-crime_0-congruent,5ecba4b6ef75d53505406d57,experiment_2,1,crime,TA,0.8643353105061596,0.8778305556436947,10.87921253
30146,2-5ecba4b6ef75d53505406d57-estate_0-implausible,5ecba4b6ef75d53505406d57,experiment_2,3,estate,TA,0.8984653834866381,0.6150998205402495,10.87921253
30150,2-5ecba4b6ef75d53505406d57-finance_0-incongruent,5ecba4b6ef75d53505406d57,experiment_2,2,finance,TA,0.889903623487364,0.7881703635659192,10.87921253
30158,2-5ecd7b06a1a9170e7806f51e-crime_4-implausible,5ecd7b06a1a9170e7806f51e,experiment_2,3,crime,TA,0.7979694910895578,0.8927887465162205,10.22656374
30162,2-5ecd7b06a1a9170e7806f51e-estate_4-incongruent,5ecd7b06a1a9170e7806f51e,experiment_2,2,estate,TA,0.8845299461620748,0.8921672267965616,10.22655662
30166,2-5ecd7b06a1a9170e7806f51e-finance_4-congruent,5ecd7b06a1a9170e7806f51e,experiment_2,1,finance,TA,0.919417703597462,0.8198125074608882,10.22655662
30178,2-5ed8be74a4175a01156004b0-crime_1-implausible,5ed8be74a4175a01156004b0,experiment_2,3,crime,TA,0.8241368854718353,1.0,13.86533337
30182,2-5ed8be74a4175a01156004b0-estate_1-congruent,5ed8be74a4175a01156004b0,experiment_2,1,estate,TA,0.8304841240947974,0.785401231180262,13.86616751
30186,2-5ed8be74a4175a01156004b0-finance_1-incongruent,5ed8be74a4175a01156004b0,experiment_2,2,finance,TA,0.838835407194924,0.7614406381931511,13.87263148
30190,2-5edaa4924ea9bd6f14f3d618-crime_4-implausible,5edaa4924ea9bd6f14f3d618,experiment_2,3,crime,TA,0.7512919983130966,0.7635668781282698,13.92965303
30194,2-5edaa4924ea9bd6f14f3d618-estate_4-incongruent,5edaa4924ea9bd6f14f3d618,experiment_2,2,estate,TA,0.8564083682764524,0.8044204353205106,13.92965118
30198,2-5edaa4924ea9bd6f14f3d618-finance_4-congruent,5edaa4924ea9bd6f14f3d618,experiment_2,1,finance,TA,0.9241901956421097,0.6084219958509757,13.92965118
30206,2-5edbaae1b9f9f68349ce80f3-crime_4-implausible,5edbaae1b9f9f68349ce80f3,experiment_2,3,crime,TA,0.8603139408460844,0.8529570755812385,13.71260197
30210,2-5edbaae1b9f9f68349ce80f3-estate_4-incongruent,5edbaae1b9f9f68349ce80f3,experiment_2,2,estate,TA,1.0,0.8885443574849294,13.71260197
30214,2-5edbaae1b9f9f68349ce80f3-finance_4-congruent,5edbaae1b9f9f68349ce80f3,experiment_2,1,finance,TA,0.886039423540362,0.8551586351244197,13.72450026
30226,2-5ef109c89196fa6d5cf6c005-crime_2-incongruent,5ef109c89196fa6d5cf6c005,experiment_2,2,crime,TA,0.8241368854718353,0.8153627635310009,13.86473569
30230,2-5ef109c89196fa6d5cf6c005-estate_2-congruent,5ef109c89196fa6d5cf6c005,experiment_2,1,estate,TA,0.8960249510179927,0.736476861652635,13.86473569
30234,2-5ef109c89196fa6d5cf6c005-finance_2-implausible,5ef109c89196fa6d5cf6c005,experiment_2,3,finance,TA,0.8394596752330161,0.8686935671402775,13.86473569
30238,2-5ef8a0b375e30603ebc12510-crime_4-implausible,5ef8a0b375e30603ebc12510,experiment_2,3,crime,TA,0.8529570755812385,0.6870492940894734,13.22319304
30242,2-5ef8a0b375e30603ebc12510-estate_4-incongruent,5ef8a0b375e30603ebc12510,experiment_2,2,estate,TA,0.8845299461620748,0.7137008328430658,13.22351667
30246,2-5ef8a0b375e30603ebc12510-finance_4-congruent,5ef8a0b375e30603ebc12510,experiment_2,1,finance,TA,0.9129611720221511,0.7327387580875756,13.22319304
30254,2-5f1b69a1459c1e0009a83009-crime_4-implausible,5f1b69a1459c1e0009a83009,experiment_2,3,crime,TA,0.81004612605476,0.81004612605476,13.22660405
30258,2-5f1b69a1459c1e0009a83009-estate_4-incongruent,5f1b69a1459c1e0009a83009,experiment_2,2,estate,TA,0.8892302448756577,0.882148869802242,13.22660405
30262,2-5f1b69a1459c1e0009a83009-finance_4-congruent,5f1b69a1459c1e0009a83009,experiment_2,1,finance,TA,0.9216739550012043,0.9216739550012043,13.22660405
30270,2-5f2dbc04160a0f0d88ee4440-crime_4-implausible,5f2dbc04160a0f0d88ee4440,experiment_2,3,crime,TA,0.9264785377906193,0.5948097922239335,13.52000157
30274,2-5f2dbc04160a0f0d88ee4440-estate_4-incongruent,5f2dbc04160a0f0d88ee4440,experiment_2,2,estate,TA,0.850373599583855,0.6234484832375264,13.51820014
30278,2-5f2dbc04160a0f0d88ee4440-finance_4-congruent,5f2dbc04160a0f0d88ee4440,experiment_2,1,finance,TA,0.8817375208021835,0.850373599583855,13.529812
30290,2-5f31671e69023f000b0c0547-crime_4-implausible,5f31671e69023f000b0c0547,experiment_2,3,crime,TA,0.8927887465162205,0.8643353105061596,12.47013203
30294,2-5f31671e69023f000b0c0547-estate_4-incongruent,5f31671e69023f000b0c0547,experiment_2,2,estate,TA,0.8927887465162205,0.8643353105061596,12.47013207
30298,2-5f31671e69023f000b0c0547-finance_4-congruent,5f31671e69023f000b0c0547,experiment_2,1,finance,TA,0.9142507074287456,0.6438179234692023,12.47013203
30306,2-5f3c2701fa55251a108b07e6-crime_3-congruent,5f3c2701fa55251a108b07e6,experiment_2,1,crime,TA,1.0,0.9246221638555591,13.50958055
30310,2-5f3c2701fa55251a108b07e6-estate_3-incongruent,5f3c2701fa55251a108b07e6,experiment_2,2,estate,TA,0.8852921330647191,0.7914855859429253,13.50958056
30314,2-5f3c2701fa55251a108b07e6-finance_3-implausible,5f3c2701fa55251a108b07e6,experiment_2,3,finance,TA,0.8984653834866381,0.4369074936285271,13.50958055
30318,2-5f64b5eed3b0d9015f58920c-crime_2-incongruent,5f64b5eed3b0d9015f58920c,experiment_2,2,crime,TA,0.8651600275073517,0.886039423540362,11.83449805
30322,2-5f64b5eed3b0d9015f58920c-estate_2-congruent,5f64b5eed3b0d9015f58920c,experiment_2,1,estate,TA,0.8921672267965616,0.8719631200671041,11.83449805
30326,2-5f64b5eed3b0d9015f58920c-finance_2-implausible,5f64b5eed3b0d9015f58920c,experiment_2,3,finance,TA,1.0,0.7523112976909649,11.83449805
30334,2-5f6875b05e3bc74d0dee825e-crime_1-implausible,5f6875b05e3bc74d0dee825e,experiment_2,3,crime,TA,0.9285714285714286,0.779136947850307,10.84863161
30338,2-5f6875b05e3bc74d0dee825e-estate_1-congruent,5f6875b05e3bc74d0dee825e,experiment_2,1,estate,TA,0.8604273684402294,0.919417703597462,10.84863161
30342,2-5f6875b05e3bc74d0dee825e-finance_1-incongruent,5f6875b05e3bc74d0dee825e,experiment_2,2,finance,TA,0.9163757989992909,0.6666666666666667,10.84863161
30350,2-5f6a7d0d9d705213a0db27e2-crime_3-congruent,5f6a7d0d9d705213a0db27e2,experiment_2,1,crime,TA,0.9260778729045427,0.6799390301985513,11.66690897
30354,2-5f6a7d0d9d705213a0db27e2-estate_3-incongruent,5f6a7d0d9d705213a0db27e2,experiment_2,2,estate,TA,0.8960249510179927,0.7958758547680684,11.66690897
30358,2-5f6a7d0d9d705213a0db27e2-finance_3-implausible,5f6a7d0d9d705213a0db27e2,experiment_2,3,finance,TA,0.8954583253021366,0.7846125524146785,11.66690897
30370,2-5f75cc1fb0741626d6634281-crime_3-congruent,5f75cc1fb0741626d6634281,experiment_2,1,crime,TA,0.8651600275073517,0.7914855859429253,13.22660401
30374,2-5f75cc1fb0741626d6634281-estate_3-incongruent,5f75cc1fb0741626d6634281,experiment_2,2,estate,TA,1.0,0.8845299461620748,13.22660401
30378,2-5f75cc1fb0741626d6634281-finance_3-implausible,5f75cc1fb0741626d6634281,experiment_2,3,finance,TA,0.8756459991565483,0.5757359312880714,13.22660401
30386,2-5f7728b294840b203855824d-crime_2-incongruent,5f7728b294840b203855824d,experiment_2,2,crime,TA,0.8984653834866381,0.5675744342448066,13.93156857
30390,2-5f7728b294840b203855824d-estate_2-congruent,5f7728b294840b203855824d,experiment_2,1,estate,TA,0.8643353105061596,0.8927887465162205,13.93156857
30394,2-5f7728b294840b203855824d-finance_2-implausible,5f7728b294840b203855824d,experiment_2,3,finance,TA,0.664970302869755,0.6743305263605353,13.93156857
30398,2-5f91ad02439b5e04b51d69a0-crime_3-congruent,5f91ad02439b5e04b51d69a0,experiment_2,1,crime,TA,0.8595121282627459,0.8585786437626906,11.99995473
30402,2-5f91ad02439b5e04b51d69a0-estate_3-incongruent,5f91ad02439b5e04b51d69a0,experiment_2,2,estate,TA,0.8551586351244197,0.6590028302647633,11.99995473
30406,2-5f91ad02439b5e04b51d69a0-finance_3-implausible,5f91ad02439b5e04b51d69a0,experiment_2,3,finance,TA,0.8960249510179927,0.683772233983162,11.99995473
30414,2-5f958e181381b5079be5d02f-crime_1-implausible,5f958e181381b5079be5d02f,experiment_2,3,crime,TA,0.8719631200671041,0.7771875450722694,12.87037141
30418,2-5f958e181381b5079be5d02f-estate_1-congruent,5f958e181381b5079be5d02f,experiment_2,1,estate,TA,0.8817375208021835,0.8198125074608882,12.87037147
30422,2-5f958e181381b5079be5d02f-finance_1-incongruent,5f958e181381b5079be5d02f,experiment_2,2,finance,TA,0.886039423540362,0.8132281580905929,12.87037441
30434,2-5f9a893d999ea71a0c6c4851-crime_4-implausible,5f9a893d999ea71a0c6c4851,experiment_2,3,crime,TA,1.0,0.6000000000000001,12.88056002
30438,2-5f9a893d999ea71a0c6c4851-estate_4-incongruent,5f9a893d999ea71a0c6c4851,experiment_2,2,estate,TA,1.0,0.7846125524146785,12.88056002
30442,2-5f9a893d999ea71a0c6c4851-finance_4-congruent,5f9a893d999ea71a0c6c4851,experiment_2,1,finance,TA,1.0,0.7334699803659629,12.88056002
30446,2-5fa01b6003aed3026366571c-crime_1-implausible,5fa01b6003aed3026366571c,experiment_2,3,crime,TA,0.7729616954067501,0.8377785788692375,13.42849817
30450,2-5fa01b6003aed3026366571c-estate_1-congruent,5fa01b6003aed3026366571c,experiment_2,1,estate,TA,1.0,0.8790283242181732,13.4286293
30454,2-5fa01b6003aed3026366571c-finance_1-incongruent,5fa01b6003aed3026366571c,experiment_2,2,finance,TA,0.8726570920065974,0.7741230242736872,13.42849813
30462,2-5fa91c5d816c5c831297d606-crime_0-congruent,5fa91c5d816c5c831297d606,experiment_2,1,crime,TA,0.7771875450722694,0.591751709536137,13.93156857
30466,2-5fa91c5d816c5c831297d606-estate_0-implausible,5fa91c5d816c5c831297d606,experiment_2,3,estate,TA,0.8984653834866381,0.6984886554222364,13.93156857
30470,2-5fa91c5d816c5c831297d606-finance_0-incongruent,5fa91c5d816c5c831297d606,experiment_2,2,finance,TA,0.850373599583855,0.7148670257438995,13.93156857
30478,2-5fb6ed2116919c000a99249e-crime_1-implausible,5fb6ed2116919c000a99249e,experiment_2,3,crime,TA,0.9282041841382261,0.8423779187521798,12.41284683
30482,2-5fb6ed2116919c000a99249e-estate_1-congruent,5fb6ed2116919c000a99249e,experiment_2,1,estate,TA,1.0,0.8585786437626906,12.41284585
30486,2-5fb6ed2116919c000a99249e-finance_1-incongruent,5fb6ed2116919c000a99249e,experiment_2,2,finance,TA,1.0,1.0,12.41284585
30494,2-5fb91837b8c8756d924f7351-crime_3-congruent,5fb91837b8c8756d924f7351,experiment_2,1,crime,TA,0.8719631200671041,0.6789193504660322,12.87919517
30498,2-5fb91837b8c8756d924f7351-estate_3-incongruent,5fb91837b8c8756d924f7351,experiment_2,2,estate,TA,0.8809017331649173,0.8679323640511565,12.99835221
30502,2-5fb91837b8c8756d924f7351-finance_3-implausible,5fb91837b8c8756d924f7351,experiment_2,3,finance,TA,0.8564083682764524,0.8259223440443022,12.87919517
30510,2-5fbeef08fae48b16613fbe94-crime_0-congruent,5fbeef08fae48b16613fbe94,experiment_2,1,crime,TA,0.886039423540362,0.7208547368804588,11.46990899
30514,2-5fbeef08fae48b16613fbe94-estate_0-implausible,5fbeef08fae48b16613fbe94,experiment_2,3,estate,TA,0.8954583253021366,0.9183503419072274,11.46990899
30518,2-5fbeef08fae48b16613fbe94-finance_0-incongruent,5fbeef08fae48b16613fbe94,experiment_2,2,finance,TA,0.9188892894346188,0.7937157507482413,11.46990899
30530,2-5fc64e35746dd626bb337f76-crime_5-incongruent,5fc64e35746dd626bb337f76,experiment_2,2,crime,TA,0.8143046618229481,0.8719631200671041,13.86766876
30534,2-5fc64e35746dd626bb337f76-estate_5-implausible,5fc64e35746dd626bb337f76,experiment_2,3,estate,TA,0.8984653834866381,0.6953961504599143,13.86766876
30538,2-5fc64e35746dd626bb337f76-finance_5-congruent,5fc64e35746dd626bb337f76,experiment_2,1,finance,TA,0.8651600275073517,0.4669982091109739,13.86766876
30542,2-5fc7efbee5390f0b42e30f22-crime_1-implausible,5fc7efbee5390f0b42e30f22,experiment_2,3,crime,TA,0.8054804949681451,0.8551586351244197,11.99995452
30546,2-5fc7efbee5390f0b42e30f22-estate_1-congruent,5fc7efbee5390f0b42e30f22,experiment_2,1,estate,TA,1.0,0.9188892894346188,11.99995452
30550,2-5fc7efbee5390f0b42e30f22-finance_1-incongruent,5fc7efbee5390f0b42e30f22,experiment_2,2,finance,TA,0.9260778729045427,0.7137008328430658,12.01504426
30562,2-5fc86c1b2df6ff1ff7a51ea5-crime_5-incongruent,5fc86c1b2df6ff1ff7a51ea5,experiment_2,2,crime,TA,0.8686935671402775,0.7982633538035178,12.87905517
30566,2-5fc86c1b2df6ff1ff7a51ea5-estate_5-implausible,5fc86c1b2df6ff1ff7a51ea5,experiment_2,3,estate,TA,0.8564083682764524,0.6789193504660322,12.87905517
30570,2-5fc86c1b2df6ff1ff7a51ea5-finance_5-congruent,5fc86c1b2df6ff1ff7a51ea5,experiment_2,1,finance,TA,0.8604273684402294,0.8604273684402294,12.87905518
30578,2-5fcb705d9b31048d04ac0a8a-crime_3-congruent,5fcb705d9b31048d04ac0a8a,experiment_2,1,crime,TA,0.9221501055838477,0.8867722965855405,10.87921264
30582,2-5fcb705d9b31048d04ac0a8a-estate_3-incongruent,5fcb705d9b31048d04ac0a8a,experiment_2,2,estate,TA,0.8984653834866381,0.886039423540362,10.87921264
30586,2-5fcb705d9b31048d04ac0a8a-finance_3-implausible,5fcb705d9b31048d04ac0a8a,experiment_2,3,finance,TA,0.9012270403350411,0.818630937472497,10.87921264
30594,2-5fd761f02e24f003c7dbc814-crime_2-incongruent,5fd761f02e24f003c7dbc814,experiment_2,2,crime,TA,1.0,0.8769085090206673,10.84570433
30598,2-5fd761f02e24f003c7dbc814-estate_2-congruent,5fd761f02e24f003c7dbc814,experiment_2,1,estate,TA,0.8845299461620748,0.8845299461620748,10.84614971
30602,2-5fd761f02e24f003c7dbc814-finance_2-implausible,5fd761f02e24f003c7dbc814,experiment_2,3,finance,TA,0.8726570920065974,0.7147012989212722,10.84570433
30606,2-5fecb4e73e41f76583b6023a-crime_3-congruent,5fecb4e73e41f76583b6023a,experiment_2,1,crime,TA,1.0,0.8132281580905929,13.23293145
30610,2-5fecb4e73e41f76583b6023a-estate_3-incongruent,5fecb4e73e41f76583b6023a,experiment_2,2,estate,TA,0.7616343526886019,0.8475014296673953,13.23420483
30614,2-5fecb4e73e41f76583b6023a-finance_3-implausible,5fecb4e73e41f76583b6023a,experiment_2,3,finance,TA,0.8954583253021366,0.779136947850307,13.23293145
30626,2-5fedf2023cc53c06d3406a14-crime_4-implausible,5fedf2023cc53c06d3406a14,experiment_2,3,crime,TA,0.8564083682764524,0.5930059315184788,13.50977501
30630,2-5fedf2023cc53c06d3406a14-estate_4-incongruent,5fedf2023cc53c06d3406a14,experiment_2,2,estate,TA,0.8719631200671041,0.6966445321453714,13.50977501
30634,2-5fedf2023cc53c06d3406a14-finance_4-congruent,5fedf2023cc53c06d3406a14,experiment_2,1,finance,TA,0.8694417580332267,0.796580948913757,13.50977501
30642,2-5ffb3cdfa301645772b03b49-crime_1-implausible,5ffb3cdfa301645772b03b49,experiment_2,3,crime,TA,0.9282041841382261,0.8679323640511565,12.4701325
30646,2-5ffb3cdfa301645772b03b49-estate_1-congruent,5ffb3cdfa301645772b03b49,experiment_2,1,estate,TA,0.9157848078933482,0.7386133489130333,12.51720757
30650,2-5ffb3cdfa301645772b03b49-finance_1-incongruent,5ffb3cdfa301645772b03b49,experiment_2,2,finance,TA,0.91695452014626,0.91695452014626,12.4701325
30658,2-600090cc2864f714e71d0e45-crime_1-implausible,600090cc2864f714e71d0e45,experiment_2,3,crime,TA,0.8989847455447789,0.7940285397822251,12.90865863
30662,2-600090cc2864f714e71d0e45-estate_1-congruent,600090cc2864f714e71d0e45,experiment_2,1,estate,TA,0.8285014148574912,0.6575947148329266,13.14662067
30666,2-600090cc2864f714e71d0e45-finance_1-incongruent,600090cc2864f714e71d0e45,experiment_2,2,finance,TA,0.8394596752330161,0.8295014151323816,12.90865863
30674,2-60042af01e4c4b52c5ee0c01-crime_0-congruent,60042af01e4c4b52c5ee0c01,experiment_2,1,crime,TA,0.8423779187521798,0.6631392315733924,13.93156857
30678,2-60042af01e4c4b52c5ee0c01-estate_0-implausible,60042af01e4c4b52c5ee0c01,experiment_2,3,estate,TA,0.7618802172690495,0.7103172702488394,13.93156857
30682,2-60042af01e4c4b52c5ee0c01-finance_0-incongruent,60042af01e4c4b52c5ee0c01,experiment_2,2,finance,TA,0.8892302448756577,0.5508292240529085,13.93156857
30686,2-600a9ab59e9b701db49fbec1-crime_4-implausible,600a9ab59e9b701db49fbec1,experiment_2,3,crime,TA,0.8394596752330161,0.8585786437626906,11.27978743
30690,2-600a9ab59e9b701db49fbec1-estate_4-incongruent,600a9ab59e9b701db49fbec1,experiment_2,2,estate,TA,0.9071523309114741,0.8619868881315291,11.27978743
30694,2-600a9ab59e9b701db49fbec1-finance_4-congruent,600a9ab59e9b701db49fbec1,experiment_2,1,finance,TA,1.0,0.8724846573873324,11.27978743
30706,2-600ec679c144277505d6428d-crime_3-congruent,600ec679c144277505d6428d,experiment_2,1,crime,TA,0.7309862065755148,0.7309862065755148,12.55100038
30710,2-600ec679c144277505d6428d-estate_3-incongruent,600ec679c144277505d6428d,experiment_2,2,estate,TA,0.8423779187521798,0.6876524762227879,12.52293946
30714,2-600ec679c144277505d6428d-finance_3-implausible,600ec679c144277505d6428d,experiment_2,3,finance,TA,1.0,0.8295014151323816,12.47024985
30722,2-60142d5718e5943b09fd9298-crime_3-congruent,60142d5718e5943b09fd9298,experiment_2,1,crime,TA,0.8423779187521798,0.8585786437626906,13.22675068
30726,2-60142d5718e5943b09fd9298-estate_3-incongruent,60142d5718e5943b09fd9298,experiment_2,2,estate,TA,0.9163757989992909,0.8845299461620748,13.22660401
30730,2-60142d5718e5943b09fd9298-finance_3-implausible,60142d5718e5943b09fd9298,experiment_2,3,finance,TA,0.8790283242181732,0.8921672267965616,13.24940656
30738,2-601859370b15830bb219db7a-crime_4-implausible,601859370b15830bb219db7a,experiment_2,3,crime,TA,0.8984653834866381,0.6808576307478873,13.48870328
30742,2-601859370b15830bb219db7a-estate_4-incongruent,601859370b15830bb219db7a,experiment_2,2,estate,TA,0.9285714285714286,0.7087123674982323,13.59300526
30746,2-601859370b15830bb219db7a-finance_4-congruent,601859370b15830bb219db7a,experiment_2,1,finance,TA,0.8960249510179927,0.541494522685636,13.48870618
30754,2-6023df50d5c2d7069115de3f-crime_0-congruent,6023df50d5c2d7069115de3f,experiment_2,1,crime,TA,0.8199099324437007,0.81004612605476,11.41469398
30758,2-6023df50d5c2d7069115de3f-estate_0-implausible,6023df50d5c2d7069115de3f,experiment_2,3,estate,TA,0.9264785377906193,0.8984653834866381,11.41469398
30762,2-6023df50d5c2d7069115de3f-finance_0-incongruent,6023df50d5c2d7069115de3f,experiment_2,2,finance,TA,0.8719631200671041,0.8651600275073517,11.41469398
30766,2-60358e8f4cf36d6725a603dd-crime_5-incongruent,60358e8f4cf36d6725a603dd,experiment_2,2,crime,TA,0.5108540057600577,0.633911733926501,13.93156857
30770,2-60358e8f4cf36d6725a603dd-estate_5-implausible,60358e8f4cf36d6725a603dd,experiment_2,3,estate,TA,0.9301569704230421,0.5755895576184717,13.93156857
30774,2-60358e8f4cf36d6725a603dd-finance_5-congruent,60358e8f4cf36d6725a603dd,experiment_2,1,finance,TA,0.7867992836443896,0.6755571577384749,13.93148673
30786,2-603691e060f42aaf3b034a94-crime_2-incongruent,603691e060f42aaf3b034a94,experiment_2,2,crime,TA,0.8817375208021835,0.7291987198454679,13.8743117
30790,2-603691e060f42aaf3b034a94-estate_2-congruent,603691e060f42aaf3b034a94,experiment_2,1,estate,TA,0.8634952734420129,0.8116891057113227,13.86891857
30794,2-603691e060f42aaf3b034a94-finance_2-implausible,603691e060f42aaf3b034a94,experiment_2,3,finance,TA,0.8564083682764524,0.6944949536696107,13.87467338
30802,2-603bf563c71a1c8ca72cbbac-crime_5-incongruent,603bf563c71a1c8ca72cbbac,experiment_2,2,crime,TA,0.9163757989992909,0.8438262381113939,13.50893611
30806,2-603bf563c71a1c8ca72cbbac-estate_5-implausible,603bf563c71a1c8ca72cbbac,experiment_2,3,estate,TA,0.8394596752330161,0.8809017331649173,13.50893611
30810,2-603bf563c71a1c8ca72cbbac-finance_5-congruent,603bf563c71a1c8ca72cbbac,experiment_2,1,finance,TA,0.9129611720221511,0.8809017331649173,13.52154344
30818,2-603c11e7db9042987c7180be-crime_4-implausible,603c11e7db9042987c7180be,experiment_2,3,crime,TA,0.7683568766715363,0.6585846852030299,12.73714434
30822,2-603c11e7db9042987c7180be-estate_4-incongruent,603c11e7db9042987c7180be,experiment_2,2,estate,TA,0.9163757989992909,0.7247590587184098,12.73714435
30826,2-603c11e7db9042987c7180be-finance_4-congruent,603c11e7db9042987c7180be,experiment_2,1,finance,TA,0.8248576389739852,0.8347050987731784,12.73714434
30830,2-6040a6019923db2cb26b04e0-crime_3-congruent,6040a6019923db2cb26b04e0,experiment_2,1,crime,TA,0.8686935671402775,0.7909166506042733,12.87919517
30834,2-6040a6019923db2cb26b04e0-estate_3-incongruent,6040a6019923db2cb26b04e0,experiment_2,2,estate,TA,0.8595121282627459,0.8885443574849294,12.87919517
30838,2-6040a6019923db2cb26b04e0-finance_3-implausible,6040a6019923db2cb26b04e0,experiment_2,3,finance,TA,0.8394596752330161,0.8595121282627459,12.87919773
30850,2-604258da4004870ebf00822d-crime_5-incongruent,604258da4004870ebf00822d,experiment_2,2,crime,TA,0.9260778729045427,0.9221501055838477,12.87919517
30854,2-604258da4004870ebf00822d-estate_5-implausible,604258da4004870ebf00822d,experiment_2,3,estate,TA,0.8954583253021366,0.8817375208021835,12.87919517
30858,2-604258da4004870ebf00822d-finance_5-congruent,604258da4004870ebf00822d,experiment_2,1,finance,TA,0.8377785788692375,0.8551586351244197,12.87919517
30862,2-604b859f965723dde6768f6c-crime_0-congruent,604b859f965723dde6768f6c,experiment_2,1,crime,TA,0.9188892894346188,0.9183503419072274,10.2267835
30866,2-604b859f965723dde6768f6c-estate_0-implausible,604b859f965723dde6768f6c,experiment_2,3,estate,TA,0.8960249510179927,0.8679323640511565,10.22674294
30870,2-604b859f965723dde6768f6c-finance_0-incongruent,604b859f965723dde6768f6c,experiment_2,2,finance,TA,0.913613157441864,0.9129611720221511,10.22659949
30882,2-604e2e30b9ef1f91e2e6a67a-crime_1-implausible,604e2e30b9ef1f91e2e6a67a,experiment_2,3,crime,TA,0.75,0.5829711718858505,13.40675928
30886,2-604e2e30b9ef1f91e2e6a67a-estate_1-congruent,604e2e30b9ef1f91e2e6a67a,experiment_2,1,estate,TA,1.0,0.9183503419072274,13.2972933
30890,2-604e2e30b9ef1f91e2e6a67a-finance_1-incongruent,604e2e30b9ef1f91e2e6a67a,experiment_2,2,finance,TA,1.0,0.7291987198454679,13.2972933
30894,2-6052554f2d140e57270e22f9-crime_2-incongruent,6052554f2d140e57270e22f9,experiment_2,2,crime,TA,0.8394596752330161,0.9282041841382261,12.47013598
30898,2-6052554f2d140e57270e22f9-estate_2-congruent,6052554f2d140e57270e22f9,experiment_2,1,estate,TA,0.9157848078933482,0.9211889593760899,12.47013198
30902,2-6052554f2d140e57270e22f9-finance_2-implausible,6052554f2d140e57270e22f9,experiment_2,3,finance,TA,0.8719631200671041,0.5638304200898183,12.47013198
30914,2-605260141614ee63870d2394-crime_2-incongruent,605260141614ee63870d2394,experiment_2,2,crime,TA,0.8651600275073517,0.8143046618229481,13.92970914
30918,2-605260141614ee63870d2394-estate_2-congruent,605260141614ee63870d2394,experiment_2,1,estate,TA,0.9301569704230421,0.5482460485473744,13.92970914
30922,2-605260141614ee63870d2394-finance_2-implausible,605260141614ee63870d2394,experiment_2,3,finance,TA,0.9285714285714286,0.7094563984260118,13.92970915
30930,2-6055511b69c5e470713c8717-crime_3-congruent,6055511b69c5e470713c8717,experiment_2,1,crime,TA,0.8651600275073517,0.8984653834866381,10.44297895
30934,2-6055511b69c5e470713c8717-estate_3-incongruent,6055511b69c5e470713c8717,experiment_2,2,estate,TA,0.9241901956421097,0.9012270403350411,10.22464117
30938,2-6055511b69c5e470713c8717-finance_3-implausible,6055511b69c5e470713c8717,experiment_2,3,finance,TA,0.9012270403350411,0.7846125524146785,10.22464117
30942,2-6055b240728724a27d38b40a-crime_2-incongruent,6055b240728724a27d38b40a,experiment_2,2,crime,TA,0.8613249509436928,0.8694417580332267,13.39372409
30946,2-6055b240728724a27d38b40a-estate_2-congruent,6055b240728724a27d38b40a,experiment_2,1,estate,TA,0.8679323640511565,0.8024540806700821,13.39372409
30950,2-6055b240728724a27d38b40a-finance_2-implausible,6055b240728724a27d38b40a,experiment_2,3,finance,TA,0.9237507148336976,0.779136947850307,13.39775902
30958,2-605b2e99ac3c7259bbbefc2f-crime_0-congruent,605b2e99ac3c7259bbbefc2f,experiment_2,1,crime,TA,0.9282041841382261,0.7036811210051231,13.89440095
30962,2-605b2e99ac3c7259bbbefc2f-estate_0-implausible,605b2e99ac3c7259bbbefc2f,experiment_2,3,estate,TA,0.8356010126946427,0.7137008328430658,13.89440095
30966,2-605b2e99ac3c7259bbbefc2f-finance_0-incongruent,605b2e99ac3c7259bbbefc2f,experiment_2,2,finance,TA,0.886039423540362,0.8551586351244197,13.89440095
30978,2-606098b34aa547f1cb645083-crime_5-incongruent,606098b34aa547f1cb645083,experiment_2,2,crime,TA,0.9211889593760899,0.9211889593760899,11.18030156
30982,2-606098b34aa547f1cb645083-estate_5-implausible,606098b34aa547f1cb645083,experiment_2,3,estate,TA,0.8984653834866381,0.9216739550012043,10.88302396
30986,2-606098b34aa547f1cb645083-finance_5-congruent,606098b34aa547f1cb645083,experiment_2,1,finance,TA,0.91695452014626,0.8026144915120693,10.88302396
30990,2-6063738895dfdf467955017c-crime_3-congruent,6063738895dfdf467955017c,experiment_2,1,crime,TA,0.9241901956421097,0.8954583253021366,13.22660401
30994,2-6063738895dfdf467955017c-estate_3-incongruent,6063738895dfdf467955017c,experiment_2,2,estate,TA,0.9188892894346188,0.575461947359798,13.22707363
30998,2-6063738895dfdf467955017c-finance_3-implausible,6063738895dfdf467955017c,experiment_2,3,finance,TA,1.0,0.7683568766715363,13.22660401
31006,2-60649bf146ce5a76f4bef1ce-crime_4-implausible,60649bf146ce5a76f4bef1ce,experiment_2,3,crime,TA,0.8984653834866381,0.8241368854718353,10.87921166
31010,2-60649bf146ce5a76f4bef1ce-estate_4-incongruent,60649bf146ce5a76f4bef1ce,experiment_2,2,estate,TA,0.8634952734420129,0.8475014296673953,10.87921166
31014,2-60649bf146ce5a76f4bef1ce-finance_4-congruent,60649bf146ce5a76f4bef1ce,experiment_2,1,finance,TA,1.0,0.919417703597462,10.87921166
31022,2-6065ba36add2074fed28d812-crime_5-incongruent,6065ba36add2074fed28d812,experiment_2,2,crime,TA,0.7662377088939077,0.8686935671402775,11.61863207
31026,2-6065ba36add2074fed28d812-estate_5-implausible,6065ba36add2074fed28d812,experiment_2,3,estate,TA,0.8756459991565483,0.8433479100024085,11.4856138
31030,2-6065ba36add2074fed28d812-finance_5-congruent,6065ba36add2074fed28d812,experiment_2,1,finance,TA,0.8933996418221948,0.8651600275073517,11.96599652
31038,2-606a3cb8f0138d1b0a789c2b-crime_4-implausible,606a3cb8f0138d1b0a789c2b,experiment_2,3,crime,TA,1.0,0.8475014296673953,13.45590363
31042,2-606a3cb8f0138d1b0a789c2b-estate_4-incongruent,606a3cb8f0138d1b0a789c2b,experiment_2,2,estate,TA,0.9216739550012043,0.8852921330647191,13.45590363
31046,2-606a3cb8f0138d1b0a789c2b-finance_4-congruent,606a3cb8f0138d1b0a789c2b,experiment_2,1,finance,TA,0.9221501055838477,0.838835407194924,13.45590404
31058,2-607728dc0b4f8590b94ae57c-crime_2-incongruent,607728dc0b4f8590b94ae57c,experiment_2,2,crime,TA,0.8044204353205106,0.8248576389739852,10.22659395
31062,2-607728dc0b4f8590b94ae57c-estate_2-congruent,607728dc0b4f8590b94ae57c,experiment_2,1,estate,TA,0.8634952734420129,0.8132281580905929,10.24312031
31066,2-607728dc0b4f8590b94ae57c-finance_2-implausible,607728dc0b4f8590b94ae57c,experiment_2,3,finance,TA,0.7618802172690495,0.8892302448756577,10.22659395
31074,2-6079b2d809f2f241470e821f-crime_2-incongruent,6079b2d809f2f241470e821f,experiment_2,2,crime,TA,0.8248576389739852,0.7548280407194038,12.88208619
31078,2-6079b2d809f2f241470e821f-estate_2-congruent,6079b2d809f2f241470e821f,experiment_2,1,estate,TA,1.0,0.7507776068603866,12.87919517
31082,2-6079b2d809f2f241470e821f-finance_2-implausible,6079b2d809f2f241470e821f,experiment_2,3,finance,TA,0.8726570920065974,0.42831016425627877,12.87919519
31090,2-607dc10ae5bc5c8b32b18e9a-crime_2-incongruent,607dc10ae5bc5c8b32b18e9a,experiment_2,2,crime,TA,0.9163757989992909,0.9163757989992909,9.509773863
31094,2-607dc10ae5bc5c8b32b18e9a-estate_2-congruent,607dc10ae5bc5c8b32b18e9a,experiment_2,1,estate,TA,1.0,1.0,9.536182021
31098,2-607dc10ae5bc5c8b32b18e9a-finance_2-implausible,607dc10ae5bc5c8b32b18e9a,experiment_2,3,finance,TA,0.9282041841382261,0.8595121282627459,9.764322622
31102,2-6081db2a9344bdf3d4413d45-crime_0-congruent,6081db2a9344bdf3d4413d45,experiment_2,1,crime,TA,0.889903623487364,0.9282041841382261,11.46990889
31106,2-6081db2a9344bdf3d4413d45-estate_0-implausible,6081db2a9344bdf3d4413d45,experiment_2,3,estate,TA,0.8984653834866381,0.8984653834866381,11.46990897
31110,2-6081db2a9344bdf3d4413d45-finance_0-incongruent,6081db2a9344bdf3d4413d45,experiment_2,2,finance,TA,1.0,0.8954583253021366,11.47256171
31118,2-6084499487b6d10d2aabda10-crime_0-congruent,6084499487b6d10d2aabda10,experiment_2,1,crime,TA,1.0,0.919417703597462,9.504480815
31122,2-6084499487b6d10d2aabda10-estate_0-implausible,6084499487b6d10d2aabda10,experiment_2,3,estate,TA,0.8314500343841895,0.8817375208021835,9.504480815
31126,2-6084499487b6d10d2aabda10-finance_0-incongruent,6084499487b6d10d2aabda10,experiment_2,2,finance,TA,0.8778305556436947,0.7664503167515431,9.504480815
31138,2-60913f7000c9d4d18948da79-crime_1-implausible,60913f7000c9d4d18948da79,experiment_2,3,crime,TA,0.8726570920065974,0.9163757989992909,12.50230675
31142,2-60913f7000c9d4d18948da79-estate_1-congruent,60913f7000c9d4d18948da79,experiment_2,1,estate,TA,0.8769085090206673,0.8769085090206673,12.47257632
31146,2-60913f7000c9d4d18948da79-finance_1-incongruent,60913f7000c9d4d18948da79,experiment_2,2,finance,TA,0.8356010126946427,0.838835407194924,12.47258292
31154,2-6092de3f71eab0b8ffb3a1fc-crime_5-incongruent,6092de3f71eab0b8ffb3a1fc,experiment_2,2,crime,TA,0.8954583253021366,0.7046877883906908,13.51109412
31158,2-6092de3f71eab0b8ffb3a1fc-estate_5-implausible,6092de3f71eab0b8ffb3a1fc,experiment_2,3,estate,TA,0.840280858750015,0.5066228089670348,13.51109414
31162,2-6092de3f71eab0b8ffb3a1fc-finance_5-congruent,6092de3f71eab0b8ffb3a1fc,experiment_2,1,finance,TA,0.7250792926154213,0.56806578720932,13.51109412
31170,2-60990347620d51b977f34ce0-crime_4-implausible,60990347620d51b977f34ce0,experiment_2,3,crime,TA,0.8521557458090854,0.7994261107285615,12.99561289
31174,2-60990347620d51b977f34ce0-estate_4-incongruent,60990347620d51b977f34ce0,experiment_2,2,estate,TA,0.889903623487364,0.8825559560970593,12.87915779
31178,2-60990347620d51b977f34ce0-finance_4-congruent,60990347620d51b977f34ce0,experiment_2,1,finance,TA,0.889903623487364,0.8954583253021366,12.87915787
31186,2-609ab3c7fdf2516540d38003-crime_3-congruent,609ab3c7fdf2516540d38003,experiment_2,1,crime,TA,1.0,0.9183503419072274,13.72518681
31190,2-609ab3c7fdf2516540d38003-estate_3-incongruent,609ab3c7fdf2516540d38003,experiment_2,2,estate,TA,0.9163757989992909,0.7247590587184098,13.72530648
31194,2-609ab3c7fdf2516540d38003-finance_3-implausible,609ab3c7fdf2516540d38003,experiment_2,3,finance,TA,0.9301569704230421,0.6026402928804868,13.72536532
31202,2-60a2541c0e5a829853aad745-crime_3-congruent,60a2541c0e5a829853aad745,experiment_2,1,crime,TA,0.8643353105061596,0.7883963152424205,11.35059878
31206,2-60a2541c0e5a829853aad745-estate_3-incongruent,60a2541c0e5a829853aad745,experiment_2,2,estate,TA,0.8686935671402775,0.771252144501093,11.66802841
31210,2-60a2541c0e5a829853aad745-finance_3-implausible,60a2541c0e5a829853aad745,experiment_2,3,finance,TA,0.8756459991565483,0.740839472325592,11.35059878
31218,2-60a2e8c68b3c9c53a3aef722-crime_4-implausible,60a2e8c68b3c9c53a3aef722,experiment_2,3,crime,TA,0.8984653834866381,0.8719631200671041,7.867638553
31222,2-60a2e8c68b3c9c53a3aef722-estate_4-incongruent,60a2e8c68b3c9c53a3aef722,experiment_2,2,estate,TA,0.8817375208021835,0.8053752639596192,7.867638538
31226,2-60a2e8c68b3c9c53a3aef722-finance_4-congruent,60a2e8c68b3c9c53a3aef722,experiment_2,1,finance,TA,0.8778305556436947,0.91695452014626,7.8676546
31230,2-60a5769dbae38f67750f42e4-crime_5-incongruent,60a5769dbae38f67750f42e4,experiment_2,2,crime,TA,0.8143046618229481,0.8541350085021054,11.58487231
31234,2-60a5769dbae38f67750f42e4-estate_5-implausible,60a5769dbae38f67750f42e4,experiment_2,3,estate,TA,0.8756459991565483,0.763475041604367,11.58487231
31238,2-60a5769dbae38f67750f42e4-finance_5-congruent,60a5769dbae38f67750f42e4,experiment_2,1,finance,TA,1.0,1.0,11.58487231
31250,2-60a7bfcca14b2acd0cb66b16-crime_5-incongruent,60a7bfcca14b2acd0cb66b16,experiment_2,2,crime,TA,0.9012270403350411,0.6714356296636146,13.72518687
31254,2-60a7bfcca14b2acd0cb66b16-estate_5-implausible,60a7bfcca14b2acd0cb66b16,experiment_2,3,estate,TA,0.8564083682764524,0.8333333333333334,13.72582616
31258,2-60a7bfcca14b2acd0cb66b16-finance_5-congruent,60a7bfcca14b2acd0cb66b16,experiment_2,1,finance,TA,1.0,0.7951633774003244,13.72518687
31266,2-60aabff11bad269f664ccbc7-crime_0-congruent,60aabff11bad269f664ccbc7,experiment_2,1,crime,TA,1.0,0.7508635604387801,11.99995473
31270,2-60aabff11bad269f664ccbc7-estate_0-implausible,60aabff11bad269f664ccbc7,experiment_2,3,estate,TA,0.8564083682764524,0.7940285397822251,11.99995473
31274,2-60aabff11bad269f664ccbc7-finance_0-incongruent,60aabff11bad269f664ccbc7,experiment_2,2,finance,TA,0.8989847455447789,0.8852921330647191,11.99995473
31282,2-60aac06904242bda27c46987-crime_5-incongruent,60aac06904242bda27c46987,experiment_2,2,crime,TA,0.9237507148336976,0.5443134046035107,13.92970919
31286,2-60aac06904242bda27c46987-estate_5-implausible,60aac06904242bda27c46987,experiment_2,3,estate,TA,0.9282041841382261,0.4773185709357374,13.92976386
31290,2-60aac06904242bda27c46987-finance_5-congruent,60aac06904242bda27c46987,experiment_2,1,finance,TA,0.886039423540362,0.42593950271295045,13.92970919
31294,2-60ae4fc3b2a7bb662abb8852-crime_2-incongruent,60ae4fc3b2a7bb662abb8852,experiment_2,2,crime,TA,0.8394596752330161,0.6656330724547883,13.93156857
31298,2-60ae4fc3b2a7bb662abb8852-estate_2-congruent,60ae4fc3b2a7bb662abb8852,experiment_2,1,estate,TA,1.0,0.6258342613226059,13.93156857
31302,2-60ae4fc3b2a7bb662abb8852-finance_2-implausible,60ae4fc3b2a7bb662abb8852,experiment_2,3,finance,TA,0.8199099324437007,0.4654775161751512,13.93156857
31314,2-60afa415649ba80204381dad-crime_4-implausible,60afa415649ba80204381dad,experiment_2,3,crime,TA,0.7904709112691266,0.6372618749449941,12.47020002
31318,2-60afa415649ba80204381dad-estate_4-incongruent,60afa415649ba80204381dad,experiment_2,2,estate,TA,0.8852921330647191,0.798380540363622,12.47020002
31322,2-60afa415649ba80204381dad-finance_4-congruent,60afa415649ba80204381dad,experiment_2,1,finance,TA,1.0,0.913613157441864,12.47020002
31330,2-60b553fb5705a4355358afaf-crime_0-congruent,60b553fb5705a4355358afaf,experiment_2,1,crime,TA,0.8327515979985818,0.8198125074608882,12.7596535
31334,2-60b553fb5705a4355358afaf-estate_0-implausible,60b553fb5705a4355358afaf,experiment_2,3,estate,TA,0.9037749551350623,0.8984653834866381,12.46770005
31338,2-60b553fb5705a4355358afaf-finance_0-incongruent,60b553fb5705a4355358afaf,experiment_2,2,finance,TA,0.9241901956421097,0.7219360008399758,12.46770005
31346,2-60b5cbacd78980bbcd8ddd41-crime_5-incongruent,60b5cbacd78980bbcd8ddd41,experiment_2,2,crime,TA,0.6984886554222364,0.6165175055763148,13.90085777
31350,2-60b5cbacd78980bbcd8ddd41-estate_5-implausible,60b5cbacd78980bbcd8ddd41,experiment_2,3,estate,TA,0.7675047225123615,0.5785363847882377,13.83623827
31354,2-60b5cbacd78980bbcd8ddd41-finance_5-congruent,60b5cbacd78980bbcd8ddd41,experiment_2,1,finance,TA,0.850373599583855,0.8735088935932649,13.92013474
31358,2-60b64f694c19cc0041d1a830-crime_2-incongruent,60b64f694c19cc0041d1a830,experiment_2,2,crime,TA,0.8433479100024085,0.8198125074608882,13.72518681
31362,2-60b64f694c19cc0041d1a830-estate_2-congruent,60b64f694c19cc0041d1a830,experiment_2,1,estate,TA,0.8143046618229481,0.8259223440443022,13.72518681
31366,2-60b64f694c19cc0041d1a830-finance_2-implausible,60b64f694c19cc0041d1a830,experiment_2,3,finance,TA,0.8394596752330161,0.6487499133428956,13.72518681
31374,2-60b66d5d7b07f575f5070524-crime_0-congruent,60b66d5d7b07f575f5070524,experiment_2,1,crime,TA,0.8809017331649173,0.8817375208021835,12.00154
31378,2-60b66d5d7b07f575f5070524-estate_0-implausible,60b66d5d7b07f575f5070524,experiment_2,3,estate,TA,0.8564083682764524,0.7614406381931511,11.99995611
31382,2-60b66d5d7b07f575f5070524-finance_0-incongruent,60b66d5d7b07f575f5070524,experiment_2,2,finance,TA,0.886039423540362,0.8143046618229481,12.00007126
31390,2-60b6bccce70b9dcb57760f69-crime_4-implausible,60b6bccce70b9dcb57760f69,experiment_2,3,crime,TA,0.8756459991565483,0.6364289504842595,11.99995473
31394,2-60b6bccce70b9dcb57760f69-estate_4-incongruent,60b6bccce70b9dcb57760f69,experiment_2,2,estate,TA,0.9285714285714286,0.9012270403350411,11.99995473
31398,2-60b6bccce70b9dcb57760f69-finance_4-congruent,60b6bccce70b9dcb57760f69,experiment_2,1,finance,TA,0.8394596752330161,0.889903623487364,11.99995473
31406,2-60b6c415dbda3236ea22455a-crime_3-congruent,60b6c415dbda3236ea22455a,experiment_2,1,crime,TA,0.8927887465162205,0.6032539761920639,13.20307473
31410,2-60b6c415dbda3236ea22455a-estate_3-incongruent,60b6c415dbda3236ea22455a,experiment_2,2,estate,TA,0.8809017331649173,0.7250792926154213,13.20307473
31414,2-60b6c415dbda3236ea22455a-finance_3-implausible,60b6c415dbda3236ea22455a,experiment_2,3,finance,TA,0.8241368854718353,0.7683568766715363,13.20307473
31422,2-60b7e7db11897639638f15cb-crime_5-incongruent,60b7e7db11897639638f15cb,experiment_2,2,crime,TA,0.913613157441864,0.779136947850307,12.81890136
31426,2-60b7e7db11897639638f15cb-estate_5-implausible,60b7e7db11897639638f15cb,experiment_2,3,estate,TA,0.9012270403350411,0.8954583253021366,12.81890136
31430,2-60b7e7db11897639638f15cb-finance_5-congruent,60b7e7db11897639638f15cb,experiment_2,1,finance,TA,0.8651600275073517,0.8651600275073517,12.81890136
31442,2-60b889967014a024377477fa-crime_2-incongruent,60b889967014a024377477fa,experiment_2,2,crime,TA,1.0,0.8756459991565483,6.929709189
31446,2-60b889967014a024377477fa-estate_2-congruent,60b889967014a024377477fa,experiment_2,1,estate,TA,0.8927887465162205,0.8564083682764524,7.11249986
31450,2-60b889967014a024377477fa-finance_2-implausible,60b889967014a024377477fa,experiment_2,3,finance,TA,0.8984653834866381,1.0,6.929709189
31458,2-60b8bfa6fd93d6732a7d4ddf-crime_4-implausible,60b8bfa6fd93d6732a7d4ddf,experiment_2,3,crime,TA,1.0,0.9301569704230421,12.87920458
31462,2-60b8bfa6fd93d6732a7d4ddf-estate_4-incongruent,60b8bfa6fd93d6732a7d4ddf,experiment_2,2,estate,TA,1.0,1.0,12.87920458
31466,2-60b8bfa6fd93d6732a7d4ddf-finance_4-congruent,60b8bfa6fd93d6732a7d4ddf,experiment_2,1,finance,TA,1.0,0.9282041841382261,12.87920458
31474,2-60b8db5feb283b86cce8de9f-crime_1-implausible,60b8db5feb283b86cce8de9f,experiment_2,3,crime,TA,0.8492443277111181,0.6984886554222364,13.93155508
31478,2-60b8db5feb283b86cce8de9f-estate_1-congruent,60b8db5feb283b86cce8de9f,experiment_2,1,estate,TA,0.5930059315184788,0.6000000000000001,13.93156199
31482,2-60b8db5feb283b86cce8de9f-finance_1-incongruent,60b8db5feb283b86cce8de9f,experiment_2,2,finance,TA,0.8954583253021366,0.7250792926154213,13.93155604
31486,2-60b90114ef13bcd3c200c193-crime_1-implausible,60b90114ef13bcd3c200c193,experiment_2,3,crime,TA,0.8304841240947974,0.8892302448756577,13.22670717
31490,2-60b90114ef13bcd3c200c193-estate_1-congruent,60b90114ef13bcd3c200c193,experiment_2,1,estate,TA,0.886039423540362,0.8259223440443022,13.22672375
31494,2-60b90114ef13bcd3c200c193-finance_1-incongruent,60b90114ef13bcd3c200c193,experiment_2,2,finance,TA,0.9163757989992909,0.8852921330647191,13.22670717
31502,2-60b91d545349ec32de395ddd-crime_3-congruent,60b91d545349ec32de395ddd,experiment_2,1,crime,TA,0.8377785788692375,0.696511510666558,13.93156857
31506,2-60b91d545349ec32de395ddd-estate_3-incongruent,60b91d545349ec32de395ddd,experiment_2,2,estate,TA,0.7809109769979335,0.7309862065755148,13.93156857
31510,2-60b91d545349ec32de395ddd-finance_3-implausible,60b91d545349ec32de395ddd,experiment_2,3,finance,TA,0.7958758547680684,0.5709905831399487,13.93156857
31522,2-60ba349d21c7acbaaabc36dd-crime_1-implausible,60ba349d21c7acbaaabc36dd,experiment_2,3,crime,TA,0.8719631200671041,0.6966445321453714,12.01957966
31526,2-60ba349d21c7acbaaabc36dd-estate_1-congruent,60ba349d21c7acbaaabc36dd,experiment_2,1,estate,TA,0.9237507148336976,0.8529570755812385,12.01957966
31530,2-60ba349d21c7acbaaabc36dd-finance_1-incongruent,60ba349d21c7acbaaabc36dd,experiment_2,2,finance,TA,0.9241901956421097,1.0,12.01957966
31534,2-60ba6740a76fadb32842870e-crime_2-incongruent,60ba6740a76fadb32842870e,experiment_2,2,crime,TA,0.8921672267965616,0.8398718461949128,13.93156857
31538,2-60ba6740a76fadb32842870e-estate_2-congruent,60ba6740a76fadb32842870e,experiment_2,1,estate,TA,1.0,0.8679323640511565,13.93156857
31542,2-60ba6740a76fadb32842870e-finance_2-implausible,60ba6740a76fadb32842870e,experiment_2,3,finance,TA,0.8394596752330161,0.6578404308926794,13.93156857
31554,2-60ba81c2a91092e4071c276c-crime_1-implausible,60ba81c2a91092e4071c276c,experiment_2,3,crime,TA,1.0,0.8241368854718353,12.44434978
31558,2-60ba81c2a91092e4071c276c-estate_1-congruent,60ba81c2a91092e4071c276c,experiment_2,1,estate,TA,0.9241901956421097,0.738671312468705,12.44434978
31562,2-60ba81c2a91092e4071c276c-finance_1-incongruent,60ba81c2a91092e4071c276c,experiment_2,2,finance,TA,0.8356010126946427,0.7005752641918288,12.44479178
31570,2-60bb608a2da16013513f577e-crime_5-incongruent,60bb608a2da16013513f577e,experiment_2,2,crime,TA,0.8817375208021835,0.9237507148336976,12.87919486
31574,2-60bb608a2da16013513f577e-estate_5-implausible,60bb608a2da16013513f577e,experiment_2,3,estate,TA,0.8250364469440588,0.9260778729045427,12.97896073
31578,2-60bb608a2da16013513f577e-finance_5-congruent,60bb608a2da16013513f577e,experiment_2,1,finance,TA,0.8686935671402775,0.81004612605476,12.87919486
31586,2-60bd04a3749e1ca47e54d3e1-crime_0-congruent,60bd04a3749e1ca47e54d3e1,experiment_2,1,crime,TA,0.8603139408460844,0.8954583253021366,12.43929745
31590,2-60bd04a3749e1ca47e54d3e1-estate_0-implausible,60bd04a3749e1ca47e54d3e1,experiment_2,3,estate,TA,0.8984653834866381,0.8564083682764524,12.43929745
31594,2-60bd04a3749e1ca47e54d3e1-finance_0-incongruent,60bd04a3749e1ca47e54d3e1,experiment_2,2,finance,TA,0.8726570920065974,0.6303893645227137,12.43929745
31602,2-60bda3d97d8f5c8f09917d2f-crime_5-incongruent,60bda3d97d8f5c8f09917d2f,experiment_2,2,crime,TA,0.850373599583855,0.6886004223353908,13.86421593
31606,2-60bda3d97d8f5c8f09917d2f-estate_5-implausible,60bda3d97d8f5c8f09917d2f,experiment_2,3,estate,TA,0.8719631200671041,0.5394338135281617,13.86416304
31610,2-60bda3d97d8f5c8f09917d2f-finance_5-congruent,60bda3d97d8f5c8f09917d2f,experiment_2,1,finance,TA,1.0,0.9199359230974564,13.86779389
31614,2-60bddb39c8287f341bad6ad6-crime_5-incongruent,60bddb39c8287f341bad6ad6,experiment_2,2,crime,TA,0.5110987929612953,0.4059114742139954,13.93156857
31618,2-60bddb39c8287f341bad6ad6-estate_5-implausible,60bddb39c8287f341bad6ad6,experiment_2,3,estate,TA,0.8356010126946427,0.4059114742139954,13.93156857
31622,2-60bddb39c8287f341bad6ad6-finance_5-congruent,60bddb39c8287f341bad6ad6,experiment_2,1,finance,TA,0.589109298193341,0.4059114742139954,13.93156857
31630,2-60bdf618de5fce4b2423e8d7-crime_2-incongruent,60bdf618de5fce4b2423e8d7,experiment_2,2,crime,TA,0.8719631200671041,0.8984653834866381,12.87899438
31634,2-60bdf618de5fce4b2423e8d7-estate_2-congruent,60bdf618de5fce4b2423e8d7,experiment_2,1,estate,TA,0.9211889593760899,0.8564083682764524,12.87899438
31638,2-60bdf618de5fce4b2423e8d7-finance_2-implausible,60bdf618de5fce4b2423e8d7,experiment_2,3,finance,TA,0.8719631200671041,0.7904709112691266,12.87899438
31650,2-60be136a592f08dc5f9e4b28-crime_3-congruent,60be136a592f08dc5f9e4b28,experiment_2,1,crime,TA,1.0,0.8885443574849294,11.7180355
31654,2-60be136a592f08dc5f9e4b28-estate_3-incongruent,60be136a592f08dc5f9e4b28,experiment_2,2,estate,TA,0.8304841240947974,1.0,11.46990642
31658,2-60be136a592f08dc5f9e4b28-finance_3-implausible,60be136a592f08dc5f9e4b28,experiment_2,3,finance,TA,0.8394596752330161,0.595111834910542,11.46990642
