,utid,participant,experiment,difficulty,scenario,accuracy
8687,3_566feba6b937e400052d33b2_finance_congruent,566feba6b937e400052d33b2,experiment_3,1,finance,0.7729616954067501
8723,3_56cb8858edf8da000b6df354_crime_congruent,56cb8858edf8da000b6df354,experiment_3,1,crime,0.886039423540362
8747,3_56cb8858edf8da000b6df354_finance_incongruent,56cb8858edf8da000b6df354,experiment_3,2,finance,0.9142507074287456
8771,3_571de12713b1b70012be47f6_crime_incongruent,571de12713b1b70012be47f6,experiment_3,2,crime,0.803883864861816
8795,3_571de12713b1b70012be47f6_finance_congruent,571de12713b1b70012be47f6,experiment_3,1,finance,0.8694417580332267
8819,3_572f526c3c27e7000e0b8aaa_crime_congruent,572f526c3c27e7000e0b8aaa,experiment_3,1,crime,0.8259223440443022
8843,3_572f526c3c27e7000e0b8aaa_finance_incongruent,572f526c3c27e7000e0b8aaa,experiment_3,2,finance,0.8551586351244197
8867,3_5831960ab232860001b110dc_crime_incongruent,5831960ab232860001b110dc,experiment_3,2,crime,0.8825559560970593
8891,3_5831960ab232860001b110dc_finance_congruent,5831960ab232860001b110dc,experiment_3,1,finance,0.9105572809000084
8915,3_594abd98215cbd000146debc_crime_incongruent,594abd98215cbd000146debc,experiment_3,2,crime,0.757464374963667
8939,3_594abd98215cbd000146debc_finance_congruent,594abd98215cbd000146debc,experiment_3,1,finance,0.7883963152424205
8963,3_5acc65f668b65b00018db322_crime_incongruent,5acc65f668b65b00018db322,experiment_3,2,crime,0.8651600275073517
8987,3_5acc65f668b65b00018db322_finance_congruent,5acc65f668b65b00018db322,experiment_3,1,finance,0.889903623487364
9011,3_5b339152afe1d00001c6c509_crime_incongruent,5b339152afe1d00001c6c509,experiment_3,2,crime,0.7388835160664533
9035,3_5b339152afe1d00001c6c509_finance_congruent,5b339152afe1d00001c6c509,experiment_3,1,finance,0.8143046618229481
9059,3_5b84a7ea4f38790001778d53_crime_incongruent,5b84a7ea4f38790001778d53,experiment_3,2,crime,0.7435054119787115
9083,3_5b84a7ea4f38790001778d53_finance_congruent,5b84a7ea4f38790001778d53,experiment_3,1,finance,0.6585846852030299
9107,3_5c018eb6067bbf00019ba43d_crime_congruent,5c018eb6067bbf00019ba43d,experiment_3,1,crime,0.8443002111676954
9131,3_5c018eb6067bbf00019ba43d_finance_incongruent,5c018eb6067bbf00019ba43d,experiment_3,2,finance,0.8551586351244197
9155,3_5c06fc4918ac7e00016bf76d_crime_incongruent,5c06fc4918ac7e00016bf76d,experiment_3,2,crime,0.7855774930324411
9179,3_5c06fc4918ac7e00016bf76d_finance_congruent,5c06fc4918ac7e00016bf76d,experiment_3,1,finance,0.91695452014626
9203,3_5c17c149f596b100011ca8b8_crime_congruent,5c17c149f596b100011ca8b8,experiment_3,1,crime,0.8551586351244197
9227,3_5c17c149f596b100011ca8b8_finance_incongruent,5c17c149f596b100011ca8b8,experiment_3,2,finance,0.8825559560970593
9251,3_5c6400cbcb937d00012d8866_crime_congruent,5c6400cbcb937d00012d8866,experiment_3,1,crime,0.7358647281023128
9275,3_5c6400cbcb937d00012d8866_finance_incongruent,5c6400cbcb937d00012d8866,experiment_3,2,finance,0.8778305556436947
9299,3_5c7dd22debc24800018e7ca0_crime_congruent,5c7dd22debc24800018e7ca0,experiment_3,1,crime,0.8585786437626906
9323,3_5c7dd22debc24800018e7ca0_finance_incongruent,5c7dd22debc24800018e7ca0,experiment_3,2,finance,0.8541350085021054
9347,3_5c8bafb53b6f3d00013d7c30_crime_congruent,5c8bafb53b6f3d00013d7c30,experiment_3,1,crime,0.7940285397822251
9371,3_5c8bafb53b6f3d00013d7c30_finance_incongruent,5c8bafb53b6f3d00013d7c30,experiment_3,2,finance,0.8724846573873324
9395,3_5cf9179b8c98dc0001d5a431_crime_incongruent,5cf9179b8c98dc0001d5a431,experiment_3,2,crime,0.7063898902426482
9419,3_5cf9179b8c98dc0001d5a431_finance_congruent,5cf9179b8c98dc0001d5a431,experiment_3,1,finance,0.8433479100024085
9443,3_5cfddbd3ee0b1500019fa84c_crime_congruent,5cfddbd3ee0b1500019fa84c,experiment_3,1,crime,0.8825559560970593
9467,3_5cfddbd3ee0b1500019fa84c_finance_incongruent,5cfddbd3ee0b1500019fa84c,experiment_3,2,finance,0.8778305556436947
9491,3_5d1a69d8f97a18001977e0d7_crime_incongruent,5d1a69d8f97a18001977e0d7,experiment_3,2,crime,0.8327515979985818
9515,3_5d1a69d8f97a18001977e0d7_finance_congruent,5d1a69d8f97a18001977e0d7,experiment_3,1,finance,0.8551586351244197
9539,3_5d1c9f75328d1c001af3af0f_crime_congruent,5d1c9f75328d1c001af3af0f,experiment_3,1,crime,0.8209712814901418
9563,3_5d1c9f75328d1c001af3af0f_finance_incongruent,5d1c9f75328d1c001af3af0f,experiment_3,2,finance,0.8551586351244197
9587,3_5d470786da637a00014ba26f_crime_congruent,5d470786da637a00014ba26f,experiment_3,1,crime,0.7137008328430658
9611,3_5d470786da637a00014ba26f_finance_incongruent,5d470786da637a00014ba26f,experiment_3,2,finance,0.8521557458090854
9635,3_5d67b6d92b7448000173d95a_crime_congruent,5d67b6d92b7448000173d95a,experiment_3,1,crime,0.8026144915120693
9659,3_5d67b6d92b7448000173d95a_finance_incongruent,5d67b6d92b7448000173d95a,experiment_3,2,finance,0.8327515979985818
9683,3_5d70ec2138ac7e00012f817b_crime_incongruent,5d70ec2138ac7e00012f817b,experiment_3,2,crime,0.8199099324437007
9707,3_5d70ec2138ac7e00012f817b_finance_congruent,5d70ec2138ac7e00012f817b,experiment_3,1,finance,0.7063898902426482
9731,3_5dafea4de40355001651fa2f_crime_incongruent,5dafea4de40355001651fa2f,experiment_3,2,crime,0.9024099927051467
9755,3_5dafea4de40355001651fa2f_finance_congruent,5dafea4de40355001651fa2f,experiment_3,1,finance,0.8438262381113939
9779,3_5dde680c40460edc4a5dc1a2_crime_congruent,5dde680c40460edc4a5dc1a2,experiment_3,1,crime,0.7994261107285615
9803,3_5dde680c40460edc4a5dc1a2_finance_incongruent,5dde680c40460edc4a5dc1a2,experiment_3,2,finance,0.7418011102528389
9827,3_5de2b59d8fde1c2eb47f92d8_crime_congruent,5de2b59d8fde1c2eb47f92d8,experiment_3,1,crime,0.8259223440443022
9851,3_5de2b59d8fde1c2eb47f92d8_finance_incongruent,5de2b59d8fde1c2eb47f92d8,experiment_3,2,finance,0.91695452014626
9875,3_5e1b65eeb287dc38d94b694e_crime_incongruent,5e1b65eeb287dc38d94b694e,experiment_3,2,crime,0.8541350085021054
9899,3_5e1b65eeb287dc38d94b694e_finance_congruent,5e1b65eeb287dc38d94b694e,experiment_3,1,finance,0.8778305556436947
9923,3_5e31e6491faa251bf58151ce_crime_congruent,5e31e6491faa251bf58151ce,experiment_3,1,crime,0.8199099324437007
9947,3_5e31e6491faa251bf58151ce_finance_incongruent,5e31e6491faa251bf58151ce,experiment_3,2,finance,0.8787321874818335
9971,3_5e3b5fa9255e7a37bc841135_crime_congruent,5e3b5fa9255e7a37bc841135,experiment_3,1,crime,0.8551586351244197
9995,3_5e3b5fa9255e7a37bc841135_finance_incongruent,5e3b5fa9255e7a37bc841135,experiment_3,2,finance,0.8604273684402294
10019,3_5e7d3b58d638273c7f823c7b_crime_incongruent,5e7d3b58d638273c7f823c7b,experiment_3,2,crime,0.8237731557874397
10043,3_5e7d3b58d638273c7f823c7b_finance_congruent,5e7d3b58d638273c7f823c7b,experiment_3,1,finance,0.889903623487364
10067,3_5e822d17f956a29530ccc2f8_crime_incongruent,5e822d17f956a29530ccc2f8,experiment_3,2,crime,0.792768763753932
10091,3_5e822d17f956a29530ccc2f8_finance_congruent,5e822d17f956a29530ccc2f8,experiment_3,1,finance,0.886039423540362
10115,3_5e9fdd5effe6a51855448d1b_crime_congruent,5e9fdd5effe6a51855448d1b,experiment_3,1,crime,0.8933996418221948
10139,3_5e9fdd5effe6a51855448d1b_finance_incongruent,5e9fdd5effe6a51855448d1b,experiment_3,2,finance,0.8483803912842194
10163,3_5ec3b9e83f187802a6aa041e_crime_congruent,5ec3b9e83f187802a6aa041e,experiment_3,1,crime,0.772078847080724
10187,3_5ec3b9e83f187802a6aa041e_finance_incongruent,5ec3b9e83f187802a6aa041e,experiment_3,2,finance,0.91695452014626
10211,3_5eea0a01da0cfc0a744df4d9_crime_congruent,5eea0a01da0cfc0a744df4d9,experiment_3,1,crime,0.7602683492573079
10235,3_5eea0a01da0cfc0a744df4d9_finance_incongruent,5eea0a01da0cfc0a744df4d9,experiment_3,2,finance,0.8675467642934956
10259,3_5ef601b056fe3607b3410b33_crime_congruent,5ef601b056fe3607b3410b33,experiment_3,1,crime,0.8026144915120693
10283,3_5ef601b056fe3607b3410b33_finance_incongruent,5ef601b056fe3607b3410b33,experiment_3,2,finance,0.8825559560970593
10307,3_5eff4206a352be49f1aef4cc_crime_congruent,5eff4206a352be49f1aef4cc,experiment_3,1,crime,0.8686935671402775
10331,3_5eff4206a352be49f1aef4cc_finance_incongruent,5eff4206a352be49f1aef4cc,experiment_3,2,finance,0.8492443277111181
10355,3_5f0559d1bc410b85707c58a3_crime_congruent,5f0559d1bc410b85707c58a3,experiment_3,1,crime,0.8825559560970593
10379,3_5f0559d1bc410b85707c58a3_finance_incongruent,5f0559d1bc410b85707c58a3,experiment_3,2,finance,1.0
10403,3_5f108dea719866356702d26f_finance_congruent,5f108dea719866356702d26f,experiment_3,1,finance,0.8564083682764524
10439,3_5f120176fbc66510873bcbf8_crime_congruent,5f120176fbc66510873bcbf8,experiment_3,1,crime,0.7729616954067501
10463,3_5f120176fbc66510873bcbf8_finance_incongruent,5f120176fbc66510873bcbf8,experiment_3,2,finance,0.8825559560970593
10487,3_5f1b2fe23bcef80c38d2a362_crime_incongruent,5f1b2fe23bcef80c38d2a362,experiment_3,2,crime,0.7137008328430658
10511,3_5f1b2fe23bcef80c38d2a362_finance_congruent,5f1b2fe23bcef80c38d2a362,experiment_3,1,finance,0.886039423540362
10535,3_5f2448855226b0000a8129e1_crime_congruent,5f2448855226b0000a8129e1,experiment_3,1,crime,0.8651600275073517
10559,3_5f2448855226b0000a8129e1_finance_incongruent,5f2448855226b0000a8129e1,experiment_3,2,finance,0.8825559560970593
10583,3_5f2c226f8cea75078acb6377_crime_incongruent,5f2c226f8cea75078acb6377,experiment_3,2,crime,0.6967607825684387
10607,3_5f2c226f8cea75078acb6377_finance_congruent,5f2c226f8cea75078acb6377,experiment_3,1,finance,0.919417703597462
10631,3_5f343de4d0c07630b7f90b92_crime_congruent,5f343de4d0c07630b7f90b92,experiment_3,1,crime,0.886039423540362
10655,3_5f343de4d0c07630b7f90b92_finance_incongruent,5f343de4d0c07630b7f90b92,experiment_3,2,finance,0.8438262381113939
10679,3_5f3aee04e30eac7cb73b416e_crime_incongruent,5f3aee04e30eac7cb73b416e,experiment_3,2,crime,0.838835407194924
10703,3_5f3aee04e30eac7cb73b416e_finance_congruent,5f3aee04e30eac7cb73b416e,experiment_3,1,finance,0.91695452014626
10727,3_5f3e8506cb479c0a96cf4aac_crime_incongruent,5f3e8506cb479c0a96cf4aac,experiment_3,2,crime,0.7163456855344124
10751,3_5f3e8506cb479c0a96cf4aac_finance_congruent,5f3e8506cb479c0a96cf4aac,experiment_3,1,finance,0.7471097305705634
10775,3_5f466020c3a053038da47399_crime_incongruent,5f466020c3a053038da47399,experiment_3,2,crime,0.8237731557874397
10799,3_5f466020c3a053038da47399_finance_congruent,5f466020c3a053038da47399,experiment_3,1,finance,0.886039423540362
10823,3_5f4e97aae4fe380a7bad99c7_crime_incongruent,5f4e97aae4fe380a7bad99c7,experiment_3,2,crime,0.8686935671402775
10847,3_5f4e97aae4fe380a7bad99c7_finance_congruent,5f4e97aae4fe380a7bad99c7,experiment_3,1,finance,0.889903623487364
10871,3_5f600669b846780f0fe45709_crime_incongruent,5f600669b846780f0fe45709,experiment_3,2,crime,0.8867722965855405
10895,3_5f600669b846780f0fe45709_finance_congruent,5f600669b846780f0fe45709,experiment_3,1,finance,0.8867722965855405
10919,3_5f6b8c1f5622370b0c94d597_crime_congruent,5f6b8c1f5622370b0c94d597,experiment_3,1,crime,0.8237731557874397
10943,3_5f6b8c1f5622370b0c94d597_finance_incongruent,5f6b8c1f5622370b0c94d597,experiment_3,2,finance,0.8817375208021835
10967,3_5f75ce20817166287293b825_crime_incongruent,5f75ce20817166287293b825,experiment_3,2,crime,0.8304841240947974
10991,3_5f75ce20817166287293b825_finance_congruent,5f75ce20817166287293b825,experiment_3,1,finance,0.8694417580332267
11015,3_5f761e5106b786071f45b4aa_crime_congruent,5f761e5106b786071f45b4aa,experiment_3,1,crime,0.7566678683038561
11039,3_5f761e5106b786071f45b4aa_finance_incongruent,5f761e5106b786071f45b4aa,experiment_3,2,finance,0.9221501055838477
11063,3_5f8836a5fb70462a169fc0ac_crime_incongruent,5f8836a5fb70462a169fc0ac,experiment_3,2,crime,0.8237731557874397
11087,3_5f8836a5fb70462a169fc0ac_finance_congruent,5f8836a5fb70462a169fc0ac,experiment_3,1,finance,0.8551586351244197
11111,3_5f97e6601f6d0e016087fc91_crime_congruent,5f97e6601f6d0e016087fc91,experiment_3,1,crime,0.8093074821508816
11135,3_5f97e6601f6d0e016087fc91_finance_incongruent,5f97e6601f6d0e016087fc91,experiment_3,2,finance,0.6726731646460115
11159,3_5f9aba6600cdf11f1c9b915c_crime_incongruent,5f9aba6600cdf11f1c9b915c,experiment_3,2,crime,0.7512919983130966
11183,3_5f9aba6600cdf11f1c9b915c_finance_congruent,5f9aba6600cdf11f1c9b915c,experiment_3,1,finance,0.7770887149698589
11207,3_5fa107215a15fe19519b484d_crime_congruent,5fa107215a15fe19519b484d,experiment_3,1,crime,0.886039423540362
11231,3_5fa107215a15fe19519b484d_finance_incongruent,5fa107215a15fe19519b484d,experiment_3,2,finance,0.886039423540362
11255,3_5fad2378719b9d3a961834c9_crime_congruent,5fad2378719b9d3a961834c9,experiment_3,1,crime,0.7794356133718576
11279,3_5fad2378719b9d3a961834c9_finance_incongruent,5fad2378719b9d3a961834c9,experiment_3,2,finance,0.8314500343841895
11303,3_5fb26f723d8b23832ff835c6_crime_incongruent,5fb26f723d8b23832ff835c6,experiment_3,2,crime,0.8634952734420129
11327,3_5fb26f723d8b23832ff835c6_finance_congruent,5fb26f723d8b23832ff835c6,experiment_3,1,finance,0.8634952734420129
11351,3_5fbbf3f438be4c025df6cdd4_crime_incongruent,5fbbf3f438be4c025df6cdd4,experiment_3,2,crime,0.8960249510179927
11375,3_5fbbf3f438be4c025df6cdd4_finance_congruent,5fbbf3f438be4c025df6cdd4,experiment_3,1,finance,0.803883864861816
11399,3_5fbd9bcc54453f1b0b28d89a_crime_congruent,5fbd9bcc54453f1b0b28d89a,experiment_3,1,crime,0.9221501055838477
11423,3_5fbd9bcc54453f1b0b28d89a_finance_incongruent,5fbd9bcc54453f1b0b28d89a,experiment_3,2,finance,0.7867992836443896
11447,3_5fbfa7490dcefd0251d79dff_crime_congruent,5fbfa7490dcefd0251d79dff,experiment_3,1,crime,0.8686935671402775
11471,3_5fbfa7490dcefd0251d79dff_finance_incongruent,5fbfa7490dcefd0251d79dff,experiment_3,2,finance,0.8817375208021835
11495,3_5fbfe145e52a44000a9c2966_crime_congruent,5fbfe145e52a44000a9c2966,experiment_3,1,crime,0.8679323640511565
11519,3_5fbfe145e52a44000a9c2966_finance_incongruent,5fbfe145e52a44000a9c2966,experiment_3,2,finance,0.7471097305705634
11543,3_5fd0c81fc79aef1882cbee94_crime_congruent,5fd0c81fc79aef1882cbee94,experiment_3,1,crime,0.7994261107285615
11567,3_5fd0c81fc79aef1882cbee94_finance_incongruent,5fd0c81fc79aef1882cbee94,experiment_3,2,finance,0.8643353105061596
11591,3_5fd8d7e42ce9082dd7998e6d_crime_incongruent,5fd8d7e42ce9082dd7998e6d,experiment_3,2,crime,0.7485673235146281
11615,3_5fd8d7e42ce9082dd7998e6d_finance_congruent,5fd8d7e42ce9082dd7998e6d,experiment_3,1,finance,0.91695452014626
11639,3_5ff4a242cbe069bc27d9278b_crime_congruent,5ff4a242cbe069bc27d9278b,experiment_3,1,crime,0.8438262381113939
11663,3_5ff4a242cbe069bc27d9278b_finance_incongruent,5ff4a242cbe069bc27d9278b,experiment_3,2,finance,0.8259223440443022
11687,3_6004c0c7e2b1453733edd35e_crime_incongruent,6004c0c7e2b1453733edd35e,experiment_3,2,crime,0.6712020253892854
11711,3_6004c0c7e2b1453733edd35e_finance_congruent,6004c0c7e2b1453733edd35e,experiment_3,1,finance,0.8259223440443022
11735,3_6011a4b308baec1050c17853_crime_congruent,6011a4b308baec1050c17853,experiment_3,1,crime,0.8367006838144548
11759,3_6011a4b308baec1050c17853_finance_incongruent,6011a4b308baec1050c17853,experiment_3,2,finance,0.886039423540362
11783,3_60199372bd48490e12a0d92e_crime_incongruent,60199372bd48490e12a0d92e,experiment_3,2,crime,0.7940285397822251
11807,3_60199372bd48490e12a0d92e_finance_congruent,60199372bd48490e12a0d92e,experiment_3,1,finance,0.8259223440443022
11831,3_6021d74808e9e926a4ff44c6_crime_congruent,6021d74808e9e926a4ff44c6,experiment_3,1,crime,0.8433479100024085
11855,3_6021d74808e9e926a4ff44c6_finance_incongruent,6021d74808e9e926a4ff44c6,experiment_3,2,finance,0.8686935671402775
11879,3_60259da406ab01158d9b9f83_crime_incongruent,60259da406ab01158d9b9f83,experiment_3,2,crime,0.7937157507482413
11903,3_60259da406ab01158d9b9f83_finance_congruent,60259da406ab01158d9b9f83,experiment_3,1,finance,0.7355570573260275
11927,3_602cf366166df76360257563_crime_incongruent,602cf366166df76360257563,experiment_3,2,crime,0.8143046618229481
11951,3_602cf366166df76360257563_finance_congruent,602cf366166df76360257563,experiment_3,1,finance,0.8492443277111181
11975,3_602d29200724e36ae7a9def2_crime_congruent,602d29200724e36ae7a9def2,experiment_3,1,crime,0.8093074821508816
11999,3_602d29200724e36ae7a9def2_finance_incongruent,602d29200724e36ae7a9def2,experiment_3,2,finance,0.8443002111676954
12023,3_603440fb5478fc266d855faf_crime_incongruent,603440fb5478fc266d855faf,experiment_3,2,crime,0.8564083682764524
12047,3_603440fb5478fc266d855faf_finance_congruent,603440fb5478fc266d855faf,experiment_3,1,finance,0.8478548451374539
12071,3_603a95f65fc5996c59b3ab1d_crime_congruent,603a95f65fc5996c59b3ab1d,experiment_3,1,crime,0.8933996418221948
12095,3_603a95f65fc5996c59b3ab1d_finance_incongruent,603a95f65fc5996c59b3ab1d,experiment_3,2,finance,0.8613249509436928
12119,3_604b169fe4b7991ec08da3a6_crime_incongruent,604b169fe4b7991ec08da3a6,experiment_3,2,crime,0.8198125074608882
12143,3_604b169fe4b7991ec08da3a6_finance_congruent,604b169fe4b7991ec08da3a6,experiment_3,1,finance,0.8694417580332267
12167,3_604fa685e33606f9a0ee8189_crime_incongruent,604fa685e33606f9a0ee8189,experiment_3,2,crime,0.7485673235146281
12191,3_604fa685e33606f9a0ee8189_finance_congruent,604fa685e33606f9a0ee8189,experiment_3,1,finance,0.8817375208021835
12215,3_605641bb59792eaba4b3abe5_crime_congruent,605641bb59792eaba4b3abe5,experiment_3,1,crime,0.8686935671402775
12239,3_605641bb59792eaba4b3abe5_finance_incongruent,605641bb59792eaba4b3abe5,experiment_3,2,finance,0.8651600275073517
12263,3_60589194fbc0330c06ddc15c_crime_incongruent,60589194fbc0330c06ddc15c,experiment_3,2,crime,0.8492443277111181
12287,3_60589194fbc0330c06ddc15c_finance_congruent,60589194fbc0330c06ddc15c,experiment_3,1,finance,0.9098330365332568
12311,3_606340ca7faac7025f31dd57_crime_congruent,606340ca7faac7025f31dd57,experiment_3,1,crime,0.8756459991565483
12335,3_606340ca7faac7025f31dd57_finance_incongruent,606340ca7faac7025f31dd57,experiment_3,2,finance,0.889903623487364
12359,3_606451b5aab2ec4afaae10f4_crime_congruent,606451b5aab2ec4afaae10f4,experiment_3,1,crime,0.8433479100024085
12383,3_606451b5aab2ec4afaae10f4_finance_incongruent,606451b5aab2ec4afaae10f4,experiment_3,2,finance,0.8613249509436928
12407,3_606c6e255a5575b822e0e925_crime_congruent,606c6e255a5575b822e0e925,experiment_3,1,crime,0.8438262381113939
12431,3_606c6e255a5575b822e0e925_finance_incongruent,606c6e255a5575b822e0e925,experiment_3,2,finance,0.8438262381113939
12455,3_6086bce92a8e1c219a9120c5_crime_incongruent,6086bce92a8e1c219a9120c5,experiment_3,2,crime,0.7937157507482413
12479,3_6086bce92a8e1c219a9120c5_finance_congruent,6086bce92a8e1c219a9120c5,experiment_3,1,finance,0.9129611720221511
12503,3_6089cd0a1c1541c29bb34c73_crime_congruent,6089cd0a1c1541c29bb34c73,experiment_3,1,crime,0.8367006838144548
12527,3_6089cd0a1c1541c29bb34c73_finance_incongruent,6089cd0a1c1541c29bb34c73,experiment_3,2,finance,0.8433479100024085
12551,3_608c9c26b741d7214882fee6_crime_incongruent,608c9c26b741d7214882fee6,experiment_3,2,crime,0.9098330365332568
12575,3_608c9c26b741d7214882fee6_finance_congruent,608c9c26b741d7214882fee6,experiment_3,1,finance,0.9098330365332568
12599,3_60979b540a2cf2468fde514b_crime_incongruent,60979b540a2cf2468fde514b,experiment_3,2,crime,0.882148869802242
12623,3_60979b540a2cf2468fde514b_finance_congruent,60979b540a2cf2468fde514b,experiment_3,1,finance,0.8694417580332267
12647,3_6099132b6d152b812fdc911c_crime_incongruent,6099132b6d152b812fdc911c,experiment_3,2,crime,0.8394596752330161
12671,3_6099132b6d152b812fdc911c_finance_congruent,6099132b6d152b812fdc911c,experiment_3,1,finance,0.8825559560970593
12695,3_60a37b4e514b606e0a822a0c_crime_congruent,60a37b4e514b606e0a822a0c,experiment_3,1,crime,0.8475014296673953
12719,3_60a37b4e514b606e0a822a0c_finance_incongruent,60a37b4e514b606e0a822a0c,experiment_3,2,finance,0.8769085090206673
12743,3_60a6ba026f8bd75b67b23c97_crime_incongruent,60a6ba026f8bd75b67b23c97,experiment_3,2,crime,0.886039423540362
12767,3_60a6ba026f8bd75b67b23c97_finance_congruent,60a6ba026f8bd75b67b23c97,experiment_3,1,finance,0.9098330365332568
12791,3_60a7d7b70d3cf8f48a8a490d_crime_incongruent,60a7d7b70d3cf8f48a8a490d,experiment_3,2,crime,0.7784604897513154
12815,3_60a7d7b70d3cf8f48a8a490d_finance_congruent,60a7d7b70d3cf8f48a8a490d,experiment_3,1,finance,0.9105572809000084
12839,3_60aa4b9356c591511cc09f5f_crime_congruent,60aa4b9356c591511cc09f5f,experiment_3,1,crime,0.8825559560970593
12863,3_60aa4b9356c591511cc09f5f_finance_incongruent,60aa4b9356c591511cc09f5f,experiment_3,2,finance,0.7538170180413345
12887,3_60b56ada17663c9fdcb74bdd_crime_congruent,60b56ada17663c9fdcb74bdd,experiment_3,1,crime,0.8026144915120693
12911,3_60b56ada17663c9fdcb74bdd_finance_incongruent,60b56ada17663c9fdcb74bdd,experiment_3,2,finance,0.8314500343841895
12935,3_60c048ca962103e0da201a34_crime_congruent,60c048ca962103e0da201a34,experiment_3,1,crime,0.8443002111676954
12959,3_60c048ca962103e0da201a34_finance_incongruent,60c048ca962103e0da201a34,experiment_3,2,finance,0.7226499018873854
12983,3_60c0ed7d2fbe3e53bca9866a_crime_incongruent,60c0ed7d2fbe3e53bca9866a,experiment_3,2,crime,0.8327515979985818
13007,3_60c0ed7d2fbe3e53bca9866a_finance_congruent,60c0ed7d2fbe3e53bca9866a,experiment_3,1,finance,0.8327515979985818
13031,3_60ccdd2c461e041ac1dc2b41_crime_incongruent,60ccdd2c461e041ac1dc2b41,experiment_3,2,crime,0.7451764042811873
13055,3_60ccdd2c461e041ac1dc2b41_finance_congruent,60ccdd2c461e041ac1dc2b41,experiment_3,1,finance,0.8561610095543848
13079,3_60d2f9397932f9695f49f5f4_crime_incongruent,60d2f9397932f9695f49f5f4,experiment_3,2,crime,0.8237731557874397
13103,3_60d2f9397932f9695f49f5f4_finance_congruent,60d2f9397932f9695f49f5f4,experiment_3,1,finance,0.6444204988906203
13127,3_60d3acd071e98de7a42743ac_crime_incongruent,60d3acd071e98de7a42743ac,experiment_3,2,crime,0.6323926889530962
13151,3_60d3acd071e98de7a42743ac_finance_congruent,60d3acd071e98de7a42743ac,experiment_3,1,finance,0.7451764042811873
13175,3_60d6e2dd110d9cbe0c20bbc7_crime_congruent,60d6e2dd110d9cbe0c20bbc7,experiment_3,1,crime,0.7358647281023128
13199,3_60d6e2dd110d9cbe0c20bbc7_finance_incongruent,60d6e2dd110d9cbe0c20bbc7,experiment_3,2,finance,0.886039423540362
13223,3_60db521470b51a50415d3439_crime_congruent,60db521470b51a50415d3439,experiment_3,1,crime,0.8116891057113227
13247,3_60db521470b51a50415d3439_finance_incongruent,60db521470b51a50415d3439,experiment_3,2,finance,0.8769085090206673
13271,3_60ddfb3db6a71ad9ba75e387_crime_congruent,60ddfb3db6a71ad9ba75e387,experiment_3,1,crime,0.9221501055838477
13295,3_60ddfb3db6a71ad9ba75e387_finance_incongruent,60ddfb3db6a71ad9ba75e387,experiment_3,2,finance,0.889903623487364
13319,3_60e70d678909d1d5e5bd8943_crime_incongruent,60e70d678909d1d5e5bd8943,experiment_3,2,crime,0.8726570920065974
13343,3_60e70d678909d1d5e5bd8943_finance_congruent,60e70d678909d1d5e5bd8943,experiment_3,1,finance,0.8143046618229481
13367,3_60eddc1f62cdf337ab19f604_crime_congruent,60eddc1f62cdf337ab19f604,experiment_3,1,crime,0.75615689581319
13391,3_60eddc1f62cdf337ab19f604_finance_incongruent,60eddc1f62cdf337ab19f604,experiment_3,2,finance,0.7373871342805549
13415,3_6106ac34408681f3b0d07396_crime_incongruent,6106ac34408681f3b0d07396,experiment_3,2,crime,0.785401231180262
13439,3_6106ac34408681f3b0d07396_finance_congruent,6106ac34408681f3b0d07396,experiment_3,1,finance,0.7355570573260275
13463,3_610abbbb784eea92360657e0_crime_congruent,610abbbb784eea92360657e0,experiment_3,1,crime,0.850373599583855
13487,3_610abbbb784eea92360657e0_finance_incongruent,610abbbb784eea92360657e0,experiment_3,2,finance,0.7226499018873855
13511,3_611231e33c2e4198943389a9_crime_congruent,611231e33c2e4198943389a9,experiment_3,1,crime,0.8651600275073517
13535,3_611231e33c2e4198943389a9_finance_incongruent,611231e33c2e4198943389a9,experiment_3,2,finance,0.8551586351244197
13559,3_61169988cf61a1a4c41fdf9c_crime_congruent,61169988cf61a1a4c41fdf9c,experiment_3,1,crime,0.8295014151323816
13583,3_61169988cf61a1a4c41fdf9c_finance_incongruent,61169988cf61a1a4c41fdf9c,experiment_3,2,finance,0.8817375208021835
13607,3_611ab1da8239817bc8d5f1e1_crime_congruent,611ab1da8239817bc8d5f1e1,experiment_3,1,crime,0.8483803912842194
13631,3_611ab1da8239817bc8d5f1e1_finance_incongruent,611ab1da8239817bc8d5f1e1,experiment_3,2,finance,0.8259223440443022
13655,3_611e58f3b7cfe10fe9eef3df_crime_congruent,611e58f3b7cfe10fe9eef3df,experiment_3,1,crime,0.8259223440443022
13679,3_611e58f3b7cfe10fe9eef3df_finance_incongruent,611e58f3b7cfe10fe9eef3df,experiment_3,2,finance,0.7883963152424205
13703,3_61254c5a6facc8ed023a64de_crime_congruent,61254c5a6facc8ed023a64de,experiment_3,1,crime,0.8248576389739852
13727,3_61254c5a6facc8ed023a64de_finance_incongruent,61254c5a6facc8ed023a64de,experiment_3,2,finance,0.6966445321453714
13751,3_61267b828ead584bcf092e35_crime_incongruent,61267b828ead584bcf092e35,experiment_3,2,crime,0.8551586351244197
13775,3_61267b828ead584bcf092e35_finance_congruent,61267b828ead584bcf092e35,experiment_3,1,finance,0.8778305556436947
13799,3_61322612510b85268a0c4b63_crime_incongruent,61322612510b85268a0c4b63,experiment_3,2,crime,0.743926240134208
13823,3_61322612510b85268a0c4b63_finance_congruent,61322612510b85268a0c4b63,experiment_3,1,finance,0.8551586351244197
13847,3_613a469755c08ab3b9d682ad_crime_congruent,613a469755c08ab3b9d682ad,experiment_3,1,crime,0.8679323640511565
13871,3_613a469755c08ab3b9d682ad_finance_incongruent,613a469755c08ab3b9d682ad,experiment_3,2,finance,0.8604273684402294
13895,3_613aa0162f4662712a517461_crime_incongruent,613aa0162f4662712a517461,experiment_3,2,crime,0.8778305556436947
13919,3_613aa0162f4662712a517461_finance_congruent,613aa0162f4662712a517461,experiment_3,1,finance,0.8778305556436947
13943,3_613af39692992acbacdbbbbc_crime_incongruent,613af39692992acbacdbbbbc,experiment_3,2,crime,0.7857142857142857
13967,3_613af39692992acbacdbbbbc_finance_congruent,613af39692992acbacdbbbbc,experiment_3,1,finance,0.7855774930324411
13991,3_613e18e92e4ed15176362aa2_crime_incongruent,613e18e92e4ed15176362aa2,experiment_3,2,crime,0.8199099324437007
14015,3_613e18e92e4ed15176362aa2_finance_congruent,613e18e92e4ed15176362aa2,experiment_3,1,finance,0.8356010126946427
14039,3_613f0f91c83af0d188a54669_crime_incongruent,613f0f91c83af0d188a54669,experiment_3,2,crime,0.8327515979985818
14063,3_613f0f91c83af0d188a54669_finance_congruent,613f0f91c83af0d188a54669,experiment_3,1,finance,0.850373599583855
14087,3_614edf1b57efb3bbc5edd55c_crime_incongruent,614edf1b57efb3bbc5edd55c,experiment_3,2,crime,0.9024099927051467
14111,3_614edf1b57efb3bbc5edd55c_finance_congruent,614edf1b57efb3bbc5edd55c,experiment_3,1,finance,0.757464374963667
14135,3_6151d444ac15808872e32dc8_crime_incongruent,6151d444ac15808872e32dc8,experiment_3,2,crime,0.8825559560970593
14159,3_6151d444ac15808872e32dc8_finance_congruent,6151d444ac15808872e32dc8,experiment_3,1,finance,0.8551586351244197
14183,3_615230e2db85b00b50240ab8_crime_congruent,615230e2db85b00b50240ab8,experiment_3,1,crime,0.8933996418221948
14207,3_615230e2db85b00b50240ab8_finance_incongruent,615230e2db85b00b50240ab8,experiment_3,2,finance,0.91695452014626
14231,3_615373f88839471e0ab77399_crime_congruent,615373f88839471e0ab77399,experiment_3,1,crime,0.7294991095997703
14255,3_615373f88839471e0ab77399_finance_incongruent,615373f88839471e0ab77399,experiment_3,2,finance,0.6186149643017631
14279,3_615ec387ec57223c894f6fc2_crime_congruent,615ec387ec57223c894f6fc2,experiment_3,1,crime,0.7920499020359855
14303,3_615ec387ec57223c894f6fc2_finance_incongruent,615ec387ec57223c894f6fc2,experiment_3,2,finance,0.886039423540362
14327,3_616c3f3a378cb38f3f7ecac3_crime_incongruent,616c3f3a378cb38f3f7ecac3,experiment_3,2,crime,0.8809017331649173
14351,3_616c3f3a378cb38f3f7ecac3_finance_congruent,616c3f3a378cb38f3f7ecac3,experiment_3,1,finance,0.8651600275073517
14375,3_61717173748006894b2b54ff_crime_incongruent,61717173748006894b2b54ff,experiment_3,2,crime,0.6789193504660322
14399,3_61717173748006894b2b54ff_finance_congruent,61717173748006894b2b54ff,experiment_3,1,finance,0.8475014296673953
14423,3_6176966806de000024ed0ddf_crime_congruent,6176966806de000024ed0ddf,experiment_3,1,crime,0.6444204988906203
14447,3_6176966806de000024ed0ddf_finance_incongruent,6176966806de000024ed0ddf,experiment_3,2,finance,0.8198125074608882
