,utid,participant,experiment,difficulty,scenario,actions,accuracy,judgement_accuracy
2876,2_59402f40e9b44100013b1789_crime_congruent,59402f40e9b44100013b1789,experiment_2,1,crime,CA,1.0,0.9264785377906193
2888,2_59402f40e9b44100013b1789_estate_incongruent,59402f40e9b44100013b1789,experiment_2,2,estate,CA,1.0,0.6656330724547883
2900,2_59402f40e9b44100013b1789_finance_implausible,59402f40e9b44100013b1789,experiment_2,3,finance,CA,1.0,0.49248078107744764
2924,2_59de425bbe399f0001e4975e_crime_incongruent,59de425bbe399f0001e4975e,experiment_2,2,crime,CA,1.0,0.7148670257438995
2936,2_59de425bbe399f0001e4975e_estate_implausible,59de425bbe399f0001e4975e,experiment_2,3,estate,CA,1.0,0.5708024623605239
2948,2_59de425bbe399f0001e4975e_finance_congruent,59de425bbe399f0001e4975e,experiment_2,1,finance,CA,1.0,0.6372618749449941
2972,2_5b6baad47e435d0001c1c88f_crime_incongruent,5b6baad47e435d0001c1c88f,experiment_2,2,crime,CA,0.8726570920065974,0.7848342585440324
2984,2_5b6baad47e435d0001c1c88f_estate_implausible,5b6baad47e435d0001c1c88f,experiment_2,3,estate,CA,1.0,0.8564083682764524
2996,2_5b6baad47e435d0001c1c88f_finance_congruent,5b6baad47e435d0001c1c88f,experiment_2,1,finance,CA,1.0,0.8960249510179927
3032,2_5b74413e722bd2000195c067_crime_implausible,5b74413e722bd2000195c067,experiment_2,3,crime,CA,0.9264785377906193,0.7334699803659629
3044,2_5b74413e722bd2000195c067_estate_congruent,5b74413e722bd2000195c067,experiment_2,1,estate,CA,1.0,0.9211889593760899
3056,2_5b74413e722bd2000195c067_finance_incongruent,5b74413e722bd2000195c067,experiment_2,2,finance,CA,1.0,0.7937157507482413
3068,2_5ba4d6c929629d00014e6c28_crime_implausible,5ba4d6c929629d00014e6c28,experiment_2,3,crime,CA,1.0,0.6789193504660322
3080,2_5ba4d6c929629d00014e6c28_estate_incongruent,5ba4d6c929629d00014e6c28,experiment_2,2,estate,CA,1.0,0.8250364469440588
3092,2_5ba4d6c929629d00014e6c28_finance_congruent,5ba4d6c929629d00014e6c28,experiment_2,1,finance,CA,1.0,0.8529570755812385
3128,2_5badf0aeae1d020001df2cc7_crime_incongruent,5badf0aeae1d020001df2cc7,experiment_2,2,crime,CA,1.0,0.6497152779479706
3140,2_5badf0aeae1d020001df2cc7_estate_congruent,5badf0aeae1d020001df2cc7,experiment_2,1,estate,CA,1.0,0.7247590587184098
3152,2_5badf0aeae1d020001df2cc7_finance_implausible,5badf0aeae1d020001df2cc7,experiment_2,3,finance,CA,1.0,0.4654775161751512
3164,2_5c6d938c79151c00017c7560_crime_congruent,5c6d938c79151c00017c7560,experiment_2,1,crime,CA,0.9211889593760899,0.8333333333333334
3176,2_5c6d938c79151c00017c7560_estate_implausible,5c6d938c79151c00017c7560,experiment_2,3,estate,CA,0.8954583253021366,0.8603139408460844
3188,2_5c6d938c79151c00017c7560_finance_incongruent,5c6d938c79151c00017c7560,experiment_2,2,finance,CA,1.0,0.8304841240947974
3224,2_5c74f0d525c76b0010706736_crime_incongruent,5c74f0d525c76b0010706736,experiment_2,2,crime,CA,1.0,0.5344001537981173
3236,2_5c74f0d525c76b0010706736_estate_congruent,5c74f0d525c76b0010706736,experiment_2,1,estate,CA,1.0,0.8514778685534988
3248,2_5c74f0d525c76b0010706736_finance_implausible,5c74f0d525c76b0010706736,experiment_2,3,finance,CA,1.0,0.5064518832071755
3260,2_5c9124ef3b7f9e0013728485_crime_congruent,5c9124ef3b7f9e0013728485,experiment_2,1,crime,CA,1.0,0.8347050987731784
3272,2_5c9124ef3b7f9e0013728485_estate_implausible,5c9124ef3b7f9e0013728485,experiment_2,3,estate,CA,0.8989847455447789,0.8475014296673953
3284,2_5c9124ef3b7f9e0013728485_finance_incongruent,5c9124ef3b7f9e0013728485,experiment_2,2,finance,CA,1.0,0.8719631200671041
3320,2_5cae09506d573900175d4727_crime_incongruent,5cae09506d573900175d4727,experiment_2,2,crime,CA,1.0,0.7082700170042109
3332,2_5cae09506d573900175d4727_estate_congruent,5cae09506d573900175d4727,experiment_2,1,estate,CA,1.0,0.740839472325592
3344,2_5cae09506d573900175d4727_finance_implausible,5cae09506d573900175d4727,experiment_2,3,finance,CA,1.0,0.5903267548006488
3368,2_5cb304b63742a400153b756d_crime_implausible,5cb304b63742a400153b756d,experiment_2,3,crime,CA,1.0,0.8585786437626906
3380,2_5cb304b63742a400153b756d_estate_incongruent,5cb304b63742a400153b756d,experiment_2,2,estate,CA,1.0,0.8595121282627459
3392,2_5cb304b63742a400153b756d_finance_congruent,5cb304b63742a400153b756d,experiment_2,1,finance,CA,1.0,1.0
3416,2_5ccc758ab11510001584a1af_crime_implausible,5ccc758ab11510001584a1af,experiment_2,3,crime,CA,1.0,0.8921672267965616
3428,2_5ccc758ab11510001584a1af_estate_congruent,5ccc758ab11510001584a1af,experiment_2,1,estate,CA,1.0,0.9237507148336976
3440,2_5ccc758ab11510001584a1af_finance_incongruent,5ccc758ab11510001584a1af,experiment_2,2,finance,CA,0.9241901956421097,0.7234087271072401
3464,2_5cd98287b0c5ec0001e0965a_crime_incongruent,5cd98287b0c5ec0001e0965a,experiment_2,2,crime,CA,0.9221501055838477,0.6107505279192385
3476,2_5cd98287b0c5ec0001e0965a_estate_congruent,5cd98287b0c5ec0001e0965a,experiment_2,1,estate,CA,1.0,0.8817375208021835
3488,2_5cd98287b0c5ec0001e0965a_finance_implausible,5cd98287b0c5ec0001e0965a,experiment_2,3,finance,CA,1.0,0.6777809182993317
3500,2_5cdeaeb3557fbd00018a2c59_crime_incongruent,5cdeaeb3557fbd00018a2c59,experiment_2,2,crime,CA,1.0,0.8954583253021366
3512,2_5cdeaeb3557fbd00018a2c59_estate_implausible,5cdeaeb3557fbd00018a2c59,experiment_2,3,estate,CA,0.9260778729045427,0.8719631200671041
3524,2_5cdeaeb3557fbd00018a2c59_finance_congruent,5cdeaeb3557fbd00018a2c59,experiment_2,1,finance,CA,1.0,1.0
3560,2_5cf92c7255e1370001e54adb_crime_implausible,5cf92c7255e1370001e54adb,experiment_2,3,crime,CA,0.8790283242181732,0.8719631200671041
3572,2_5cf92c7255e1370001e54adb_estate_incongruent,5cf92c7255e1370001e54adb,experiment_2,2,estate,CA,0.9216739550012043,0.8564083682764524
3584,2_5cf92c7255e1370001e54adb_finance_congruent,5cf92c7255e1370001e54adb,experiment_2,1,finance,CA,1.0,0.8885443574849294
3608,2_5d29fbc8f91bdd0016e98503_crime_implausible,5d29fbc8f91bdd0016e98503,experiment_2,3,crime,CA,0.9301569704230421,0.5917517095361371
3620,2_5d29fbc8f91bdd0016e98503_estate_congruent,5d29fbc8f91bdd0016e98503,experiment_2,1,estate,CA,1.0,0.779136947850307
3632,2_5d29fbc8f91bdd0016e98503_finance_incongruent,5d29fbc8f91bdd0016e98503,experiment_2,2,finance,CA,1.0,0.7103172702488394
3656,2_5d36ff998129260015c6de19_crime_congruent,5d36ff998129260015c6de19,experiment_2,1,crime,CA,1.0,0.8892302448756577
3668,2_5d36ff998129260015c6de19_estate_implausible,5d36ff998129260015c6de19,experiment_2,3,estate,CA,1.0,0.6243614842983649
3680,2_5d36ff998129260015c6de19_finance_incongruent,5d36ff998129260015c6de19,experiment_2,2,finance,CA,1.0,0.8892302448756577
3692,2_5d6e3252dfe6d10001dbe508_crime_congruent,5d6e3252dfe6d10001dbe508,experiment_2,1,crime,CA,1.0,0.8333333333333334
3704,2_5d6e3252dfe6d10001dbe508_estate_incongruent,5d6e3252dfe6d10001dbe508,experiment_2,2,estate,CA,1.0,0.7614406381931511
3716,2_5d6e3252dfe6d10001dbe508_finance_implausible,5d6e3252dfe6d10001dbe508,experiment_2,3,finance,CA,0.8984653834866381,0.6738359634732789
3752,2_5d94c6f5dc0b0e001465072e_crime_congruent,5d94c6f5dc0b0e001465072e,experiment_2,1,crime,CA,1.0,0.8921672267965616
3764,2_5d94c6f5dc0b0e001465072e_estate_incongruent,5d94c6f5dc0b0e001465072e,experiment_2,2,estate,CA,1.0,0.8347050987731784
3776,2_5d94c6f5dc0b0e001465072e_finance_implausible,5d94c6f5dc0b0e001465072e,experiment_2,3,finance,CA,1.0,0.6656330724547883
3788,2_5da60411423c170017b7dc0f_crime_congruent,5da60411423c170017b7dc0f,experiment_2,1,crime,CA,1.0,1.0
3800,2_5da60411423c170017b7dc0f_estate_implausible,5da60411423c170017b7dc0f,experiment_2,3,estate,CA,0.8790283242181732,0.8845299461620748
3812,2_5da60411423c170017b7dc0f_finance_incongruent,5da60411423c170017b7dc0f,experiment_2,2,finance,CA,1.0,0.8541350085021054
3848,2_5dc56fbac34fc53e4e78b820_crime_implausible,5dc56fbac34fc53e4e78b820,experiment_2,3,crime,CA,0.8790283242181732,0.838835407194924
3860,2_5dc56fbac34fc53e4e78b820_estate_congruent,5dc56fbac34fc53e4e78b820,experiment_2,1,estate,CA,1.0,0.8069531643736639
3872,2_5dc56fbac34fc53e4e78b820_finance_incongruent,5dc56fbac34fc53e4e78b820,experiment_2,2,finance,CA,1.0,0.7206898061345359
3884,2_5e29e902c2253a0587298e26_crime_incongruent,5e29e902c2253a0587298e26,experiment_2,2,crime,CA,1.0,0.81004612605476
3896,2_5e29e902c2253a0587298e26_estate_congruent,5e29e902c2253a0587298e26,experiment_2,1,estate,CA,1.0,0.8564083682764524
3908,2_5e29e902c2253a0587298e26_finance_implausible,5e29e902c2253a0587298e26,experiment_2,3,finance,CA,0.9012270403350411,0.9282041841382261
3932,2_5e5eb4843accc91e2443212f_crime_congruent,5e5eb4843accc91e2443212f,experiment_2,1,crime,CA,1.0,0.7690598923241496
3944,2_5e5eb4843accc91e2443212f_estate_implausible,5e5eb4843accc91e2443212f,experiment_2,3,estate,CA,1.0,0.6743305263605353
3956,2_5e5eb4843accc91e2443212f_finance_incongruent,5e5eb4843accc91e2443212f,experiment_2,2,finance,CA,0.9221501055838477,0.8367006838144548
3992,2_5e87a0b5fc57a7415442f97e_crime_incongruent,5e87a0b5fc57a7415442f97e,experiment_2,2,crime,CA,1.0,0.7782336187136282
4004,2_5e87a0b5fc57a7415442f97e_estate_implausible,5e87a0b5fc57a7415442f97e,experiment_2,3,estate,CA,0.8984653834866381,0.8571428571428572
4016,2_5e87a0b5fc57a7415442f97e_finance_congruent,5e87a0b5fc57a7415442f97e,experiment_2,1,finance,CA,1.0,1.0
4040,2_5e9948b69223aa17c21564f4_crime_incongruent,5e9948b69223aa17c21564f4,experiment_2,2,crime,CA,1.0,0.7523112976909649
4052,2_5e9948b69223aa17c21564f4_estate_implausible,5e9948b69223aa17c21564f4,experiment_2,3,estate,CA,0.8960249510179927,0.6410209206911309
4064,2_5e9948b69223aa17c21564f4_finance_congruent,5e9948b69223aa17c21564f4,experiment_2,1,finance,CA,1.0,1.0
4088,2_5e99e838545b26058749d068_crime_congruent,5e99e838545b26058749d068,experiment_2,1,crime,CA,1.0,0.9183503419072274
4100,2_5e99e838545b26058749d068_estate_implausible,5e99e838545b26058749d068,experiment_2,3,estate,CA,1.0,0.6777809182993317
4112,2_5e99e838545b26058749d068_finance_incongruent,5e99e838545b26058749d068,experiment_2,2,finance,CA,1.0,0.8053752639596192
4124,2_5ecba4b6ef75d53505406d57_crime_congruent,5ecba4b6ef75d53505406d57,experiment_2,1,crime,CA,1.0,0.850373599583855
4136,2_5ecba4b6ef75d53505406d57_estate_implausible,5ecba4b6ef75d53505406d57,experiment_2,3,estate,CA,0.8564083682764524,0.6808576307478873
4148,2_5ecba4b6ef75d53505406d57_finance_incongruent,5ecba4b6ef75d53505406d57,experiment_2,2,finance,CA,1.0,0.8209712814901418
4172,2_5ecd7b06a1a9170e7806f51e_crime_implausible,5ecd7b06a1a9170e7806f51e,experiment_2,3,crime,CA,0.9285714285714286,0.7063898902426482
4184,2_5ecd7b06a1a9170e7806f51e_estate_incongruent,5ecd7b06a1a9170e7806f51e,experiment_2,2,estate,CA,1.0,0.8921672267965616
4196,2_5ecd7b06a1a9170e7806f51e_finance_congruent,5ecd7b06a1a9170e7806f51e,experiment_2,1,finance,CA,1.0,0.886039423540362
4232,2_5ed8be74a4175a01156004b0_crime_implausible,5ed8be74a4175a01156004b0,experiment_2,3,crime,CA,0.8756459991565483,0.7618802172690495
4244,2_5ed8be74a4175a01156004b0_estate_congruent,5ed8be74a4175a01156004b0,experiment_2,1,estate,CA,1.0,0.7705842661294382
4256,2_5ed8be74a4175a01156004b0_finance_incongruent,5ed8be74a4175a01156004b0,experiment_2,2,finance,CA,1.0,0.8438262381113939
4268,2_5edaa4924ea9bd6f14f3d618_crime_implausible,5edaa4924ea9bd6f14f3d618,experiment_2,3,crime,CA,0.8984653834866381,0.8634952734420129
4280,2_5edaa4924ea9bd6f14f3d618_estate_incongruent,5edaa4924ea9bd6f14f3d618,experiment_2,2,estate,CA,0.9282041841382261,0.743926240134208
4292,2_5edaa4924ea9bd6f14f3d618_finance_congruent,5edaa4924ea9bd6f14f3d618,experiment_2,1,finance,CA,0.8686935671402775,0.7550510257216821
4316,2_5edbaae1b9f9f68349ce80f3_crime_implausible,5edbaae1b9f9f68349ce80f3,experiment_2,3,crime,CA,0.9012270403350411,0.8529570755812385
4328,2_5edbaae1b9f9f68349ce80f3_estate_incongruent,5edbaae1b9f9f68349ce80f3,experiment_2,2,estate,CA,0.9260778729045427,0.9211889593760899
4340,2_5edbaae1b9f9f68349ce80f3_finance_congruent,5edbaae1b9f9f68349ce80f3,experiment_2,1,finance,CA,1.0,0.9163757989992909
4376,2_5ef109c89196fa6d5cf6c005_crime_incongruent,5ef109c89196fa6d5cf6c005,experiment_2,2,crime,CA,1.0,0.8933996418221948
4388,2_5ef109c89196fa6d5cf6c005_estate_congruent,5ef109c89196fa6d5cf6c005,experiment_2,1,estate,CA,0.8960249510179927,0.736476861652635
4400,2_5ef109c89196fa6d5cf6c005_finance_implausible,5ef109c89196fa6d5cf6c005,experiment_2,3,finance,CA,0.9282041841382261,0.7994261107285615
4412,2_5ef8a0b375e30603ebc12510_crime_implausible,5ef8a0b375e30603ebc12510,experiment_2,3,crime,CA,1.0,0.7039782677245108
4424,2_5ef8a0b375e30603ebc12510_estate_incongruent,5ef8a0b375e30603ebc12510,experiment_2,2,estate,CA,1.0,0.7548280407194038
4436,2_5ef8a0b375e30603ebc12510_finance_congruent,5ef8a0b375e30603ebc12510,experiment_2,1,finance,CA,1.0,0.7451764042811873
4460,2_5f1b69a1459c1e0009a83009_crime_implausible,5f1b69a1459c1e0009a83009,experiment_2,3,crime,CA,1.0,0.7313646552413323
4472,2_5f1b69a1459c1e0009a83009_estate_incongruent,5f1b69a1459c1e0009a83009,experiment_2,2,estate,CA,1.0,0.819979425044226
4484,2_5f1b69a1459c1e0009a83009_finance_congruent,5f1b69a1459c1e0009a83009,experiment_2,1,finance,CA,1.0,0.8433479100024085
4508,2_5f2dbc04160a0f0d88ee4440_crime_implausible,5f2dbc04160a0f0d88ee4440,experiment_2,3,crime,CA,0.8529570755812385,0.7134872564111572
4520,2_5f2dbc04160a0f0d88ee4440_estate_incongruent,5f2dbc04160a0f0d88ee4440,experiment_2,2,estate,CA,1.0,0.7556611112873896
4532,2_5f2dbc04160a0f0d88ee4440_finance_congruent,5f2dbc04160a0f0d88ee4440,experiment_2,1,finance,CA,1.0,0.850373599583855
4568,2_5f31671e69023f000b0c0547_crime_implausible,5f31671e69023f000b0c0547,experiment_2,3,crime,CA,1.0,0.8643353105061596
4580,2_5f31671e69023f000b0c0547_estate_incongruent,5f31671e69023f000b0c0547,experiment_2,2,estate,CA,1.0,0.8643353105061596
4592,2_5f31671e69023f000b0c0547_finance_congruent,5f31671e69023f000b0c0547,experiment_2,1,finance,CA,1.0,0.6334916669310844
4616,2_5f3c2701fa55251a108b07e6_crime_congruent,5f3c2701fa55251a108b07e6,experiment_2,1,crime,CA,0.9221501055838477,0.8933996418221948
4628,2_5f3c2701fa55251a108b07e6_estate_incongruent,5f3c2701fa55251a108b07e6,experiment_2,2,estate,CA,1.0,0.7635668781282698
4640,2_5f3c2701fa55251a108b07e6_finance_implausible,5f3c2701fa55251a108b07e6,experiment_2,3,finance,CA,0.9282041841382261,0.4073622420102463
4652,2_5f64b5eed3b0d9015f58920c_crime_incongruent,5f64b5eed3b0d9015f58920c,experiment_2,2,crime,CA,1.0,0.919417703597462
4664,2_5f64b5eed3b0d9015f58920c_estate_congruent,5f64b5eed3b0d9015f58920c,experiment_2,1,estate,CA,1.0,0.8719631200671041
4676,2_5f64b5eed3b0d9015f58920c_finance_implausible,5f64b5eed3b0d9015f58920c,experiment_2,3,finance,CA,0.9264785377906193,0.7402218974265015
4700,2_5f6875b05e3bc74d0dee825e_crime_implausible,5f6875b05e3bc74d0dee825e,experiment_2,3,crime,CA,0.8989847455447789,0.8438262381113939
4712,2_5f6875b05e3bc74d0dee825e_estate_congruent,5f6875b05e3bc74d0dee825e,experiment_2,1,estate,CA,1.0,0.886039423540362
4724,2_5f6875b05e3bc74d0dee825e_finance_incongruent,5f6875b05e3bc74d0dee825e,experiment_2,2,finance,CA,1.0,0.6464466094067263
4748,2_5f6a7d0d9d705213a0db27e2_crime_congruent,5f6a7d0d9d705213a0db27e2,experiment_2,1,crime,CA,1.0,0.7036811210051231
4760,2_5f6a7d0d9d705213a0db27e2_estate_incongruent,5f6a7d0d9d705213a0db27e2,experiment_2,2,estate,CA,0.9264785377906193,0.8333333333333334
4772,2_5f6a7d0d9d705213a0db27e2_finance_implausible,5f6a7d0d9d705213a0db27e2,experiment_2,3,finance,CA,1.0,0.8394596752330161
4808,2_5f75cc1fb0741626d6634281_crime_congruent,5f75cc1fb0741626d6634281,experiment_2,1,crime,CA,1.0,0.8423779187521798
4820,2_5f75cc1fb0741626d6634281_estate_incongruent,5f75cc1fb0741626d6634281,experiment_2,2,estate,CA,1.0,0.8845299461620748
4832,2_5f75cc1fb0741626d6634281_finance_implausible,5f75cc1fb0741626d6634281,experiment_2,3,finance,CA,1.0,0.5381197846482993
4856,2_5f7728b294840b203855824d_crime_incongruent,5f7728b294840b203855824d,experiment_2,2,crime,CA,0.6953961504599143,0.5675744342448066
4868,2_5f7728b294840b203855824d_estate_congruent,5f7728b294840b203855824d,experiment_2,1,estate,CA,0.41911850357974423,0.4030730035586766
4880,2_5f7728b294840b203855824d_finance_implausible,5f7728b294840b203855824d,experiment_2,3,finance,CA,0.5714285714285714,0.5394338135281617
4892,2_5f91ad02439b5e04b51d69a0_crime_congruent,5f91ad02439b5e04b51d69a0,experiment_2,1,crime,CA,1.0,0.8845299461620748
4904,2_5f91ad02439b5e04b51d69a0_estate_incongruent,5f91ad02439b5e04b51d69a0,experiment_2,2,estate,CA,1.0,0.7471097305705634
4916,2_5f91ad02439b5e04b51d69a0_finance_implausible,5f91ad02439b5e04b51d69a0,experiment_2,3,finance,CA,1.0,0.6258342613226059
4940,2_5f958e181381b5079be5d02f_crime_implausible,5f958e181381b5079be5d02f,experiment_2,3,crime,CA,1.0,0.7082700170042109
4952,2_5f958e181381b5079be5d02f_estate_congruent,5f958e181381b5079be5d02f,experiment_2,1,estate,CA,1.0,0.8604273684402294
4964,2_5f958e181381b5079be5d02f_finance_incongruent,5f958e181381b5079be5d02f,experiment_2,2,finance,CA,1.0,0.8132281580905929
5000,2_5f9a893d999ea71a0c6c4851_crime_implausible,5f9a893d999ea71a0c6c4851,experiment_2,3,crime,CA,1.0,0.6000000000000001
5012,2_5f9a893d999ea71a0c6c4851_estate_incongruent,5f9a893d999ea71a0c6c4851,experiment_2,2,estate,CA,1.0,0.7846125524146785
5024,2_5f9a893d999ea71a0c6c4851_finance_congruent,5f9a893d999ea71a0c6c4851,experiment_2,1,finance,CA,1.0,0.7334699803659629
5036,2_5fa01b6003aed3026366571c_crime_implausible,5fa01b6003aed3026366571c,experiment_2,3,crime,CA,1.0,0.8013201464402434
5048,2_5fa01b6003aed3026366571c_estate_congruent,5fa01b6003aed3026366571c,experiment_2,1,estate,CA,1.0,0.8790283242181732
5060,2_5fa01b6003aed3026366571c_finance_incongruent,5fa01b6003aed3026366571c,experiment_2,2,finance,CA,0.8726570920065974,0.7327387580875756
5084,2_5fa91c5d816c5c831297d606_crime_congruent,5fa91c5d816c5c831297d606,experiment_2,1,crime,CA,1.0,0.7113248654051871
5096,2_5fa91c5d816c5c831297d606_estate_implausible,5fa91c5d816c5c831297d606,experiment_2,3,estate,CA,0.8564083682764524,0.8769085090206673
5108,2_5fa91c5d816c5c831297d606_finance_incongruent,5fa91c5d816c5c831297d606,experiment_2,2,finance,CA,1.0,0.6748983898677691
5132,2_5fb6ed2116919c000a99249e_crime_implausible,5fb6ed2116919c000a99249e,experiment_2,3,crime,CA,0.8984653834866381,0.8634952734420129
5144,2_5fb6ed2116919c000a99249e_estate_congruent,5fb6ed2116919c000a99249e,experiment_2,1,estate,CA,1.0,0.8585786437626906
5156,2_5fb6ed2116919c000a99249e_finance_incongruent,5fb6ed2116919c000a99249e,experiment_2,2,finance,CA,1.0,1.0
5180,2_5fb91837b8c8756d924f7351_crime_congruent,5fb91837b8c8756d924f7351,experiment_2,1,crime,CA,1.0,0.7039782677245108
5192,2_5fb91837b8c8756d924f7351_estate_incongruent,5fb91837b8c8756d924f7351,experiment_2,2,estate,CA,1.0,0.8679323640511565
5204,2_5fb91837b8c8756d924f7351_finance_implausible,5fb91837b8c8756d924f7351,experiment_2,3,finance,CA,1.0,0.8651600275073517
5228,2_5fbeef08fae48b16613fbe94_crime_congruent,5fbeef08fae48b16613fbe94,experiment_2,1,crime,CA,1.0,0.7451764042811873
5240,2_5fbeef08fae48b16613fbe94_estate_implausible,5fbeef08fae48b16613fbe94,experiment_2,3,estate,CA,1.0,0.8585786437626906
5252,2_5fbeef08fae48b16613fbe94_finance_incongruent,5fbeef08fae48b16613fbe94,experiment_2,2,finance,CA,1.0,0.8116891057113227
5288,2_5fc64e35746dd626bb337f76_crime_incongruent,5fc64e35746dd626bb337f76,experiment_2,2,crime,CA,1.0,0.7548280407194038
5300,2_5fc64e35746dd626bb337f76_estate_implausible,5fc64e35746dd626bb337f76,experiment_2,3,estate,CA,1.0,0.6789193504660322
5312,2_5fc64e35746dd626bb337f76_finance_congruent,5fc64e35746dd626bb337f76,experiment_2,1,finance,CA,0.9221501055838477,0.5477329831333546
5324,2_5fc7efbee5390f0b42e30f22_crime_implausible,5fc7efbee5390f0b42e30f22,experiment_2,3,crime,CA,1.0,0.763475041604367
5336,2_5fc7efbee5390f0b42e30f22_estate_congruent,5fc7efbee5390f0b42e30f22,experiment_2,1,estate,CA,1.0,0.9188892894346188
5348,2_5fc7efbee5390f0b42e30f22_finance_incongruent,5fc7efbee5390f0b42e30f22,experiment_2,2,finance,CA,1.0,0.7234087271072401
5384,2_5fc86c1b2df6ff1ff7a51ea5_crime_incongruent,5fc86c1b2df6ff1ff7a51ea5,experiment_2,2,crime,CA,1.0,0.7358647281023128
5396,2_5fc86c1b2df6ff1ff7a51ea5_estate_implausible,5fc86c1b2df6ff1ff7a51ea5,experiment_2,3,estate,CA,1.0,0.6789193504660322
5408,2_5fc86c1b2df6ff1ff7a51ea5_finance_congruent,5fc86c1b2df6ff1ff7a51ea5,experiment_2,1,finance,CA,1.0,0.886039423540362
5432,2_5fcb705d9b31048d04ac0a8a_crime_congruent,5fcb705d9b31048d04ac0a8a,experiment_2,1,crime,CA,1.0,0.9199359230974564
5444,2_5fcb705d9b31048d04ac0a8a_estate_incongruent,5fcb705d9b31048d04ac0a8a,experiment_2,2,estate,CA,0.8984653834866381,0.886039423540362
5456,2_5fcb705d9b31048d04ac0a8a_finance_implausible,5fcb705d9b31048d04ac0a8a,experiment_2,3,finance,CA,1.0,0.785401231180262
5480,2_5fd761f02e24f003c7dbc814_crime_incongruent,5fd761f02e24f003c7dbc814,experiment_2,2,crime,CA,1.0,0.8769085090206673
5492,2_5fd761f02e24f003c7dbc814_estate_congruent,5fd761f02e24f003c7dbc814,experiment_2,1,estate,CA,1.0,1.0
5504,2_5fd761f02e24f003c7dbc814_finance_implausible,5fd761f02e24f003c7dbc814,experiment_2,3,finance,CA,1.0,0.6676370714428732
5516,2_5fecb4e73e41f76583b6023a_crime_congruent,5fecb4e73e41f76583b6023a,experiment_2,1,crime,CA,1.0,0.8132281580905929
5528,2_5fecb4e73e41f76583b6023a_estate_incongruent,5fecb4e73e41f76583b6023a,experiment_2,2,estate,CA,1.0,0.8475014296673953
5540,2_5fecb4e73e41f76583b6023a_finance_implausible,5fecb4e73e41f76583b6023a,experiment_2,3,finance,CA,1.0,0.7580566484363465
5576,2_5fedf2023cc53c06d3406a14_crime_implausible,5fedf2023cc53c06d3406a14,experiment_2,3,crime,CA,1.0,0.48638177506868485
5588,2_5fedf2023cc53c06d3406a14_estate_incongruent,5fedf2023cc53c06d3406a14,experiment_2,2,estate,CA,1.0,0.7523112976909649
5600,2_5fedf2023cc53c06d3406a14_finance_congruent,5fedf2023cc53c06d3406a14,experiment_2,1,finance,CA,0.8933996418221948,0.8143046618229481
5624,2_5ffb3cdfa301645772b03b49_crime_implausible,5ffb3cdfa301645772b03b49,experiment_2,3,crime,CA,0.8984653834866381,0.8921672267965616
5636,2_5ffb3cdfa301645772b03b49_estate_congruent,5ffb3cdfa301645772b03b49,experiment_2,1,estate,CA,1.0,0.7507776068603866
5648,2_5ffb3cdfa301645772b03b49_finance_incongruent,5ffb3cdfa301645772b03b49,experiment_2,2,finance,CA,1.0,1.0
5672,2_600090cc2864f714e71d0e45_crime_implausible,600090cc2864f714e71d0e45,experiment_2,3,crime,CA,0.8989847455447789,0.7940285397822251
5684,2_600090cc2864f714e71d0e45_estate_congruent,600090cc2864f714e71d0e45,experiment_2,1,estate,CA,1.0,0.8143046618229481
5696,2_600090cc2864f714e71d0e45_finance_incongruent,600090cc2864f714e71d0e45,experiment_2,2,finance,CA,1.0,0.8132281580905929
5720,2_60042af01e4c4b52c5ee0c01_crime_congruent,60042af01e4c4b52c5ee0c01,experiment_2,1,crime,CA,0.5206111551190691,0.5162205531531032
5732,2_60042af01e4c4b52c5ee0c01_estate_implausible,60042af01e4c4b52c5ee0c01,experiment_2,3,estate,CA,0.6953961504599143,0.4028037536593547
5744,2_60042af01e4c4b52c5ee0c01_finance_incongruent,60042af01e4c4b52c5ee0c01,experiment_2,2,finance,CA,0.5638990379742845,0.4538813187272498
5756,2_600a9ab59e9b701db49fbec1_crime_implausible,600a9ab59e9b701db49fbec1,experiment_2,3,crime,CA,0.9282041841382261,0.7839753100530713
5768,2_600a9ab59e9b701db49fbec1_estate_incongruent,600a9ab59e9b701db49fbec1,experiment_2,2,estate,CA,1.0,0.9024099927051467
5780,2_600a9ab59e9b701db49fbec1_finance_congruent,600a9ab59e9b701db49fbec1,experiment_2,1,finance,CA,1.0,0.8724846573873324
5816,2_600ec679c144277505d6428d_crime_congruent,600ec679c144277505d6428d,experiment_2,1,crime,CA,1.0,1.0
5828,2_600ec679c144277505d6428d_estate_incongruent,600ec679c144277505d6428d,experiment_2,2,estate,CA,1.0,0.8196660730665135
5840,2_600ec679c144277505d6428d_finance_implausible,600ec679c144277505d6428d,experiment_2,3,finance,CA,0.9260778729045427,0.8132281580905929
5864,2_60142d5718e5943b09fd9298_crime_congruent,60142d5718e5943b09fd9298,experiment_2,1,crime,CA,1.0,0.8174258141649446
5876,2_60142d5718e5943b09fd9298_estate_incongruent,60142d5718e5943b09fd9298,experiment_2,2,estate,CA,1.0,0.8585786437626906
5888,2_60142d5718e5943b09fd9298_finance_implausible,60142d5718e5943b09fd9298,experiment_2,3,finance,CA,0.9301569704230421,0.8132281580905929
5912,2_601859370b15830bb219db7a_crime_implausible,601859370b15830bb219db7a,experiment_2,3,crime,CA,0.9282041841382261,0.6464466094067263
5924,2_601859370b15830bb219db7a_estate_incongruent,601859370b15830bb219db7a,experiment_2,2,estate,CA,0.9285714285714286,0.7087123674982323
5936,2_601859370b15830bb219db7a_finance_congruent,601859370b15830bb219db7a,experiment_2,1,finance,CA,0.8960249510179927,0.6083252740996798
5960,2_6023df50d5c2d7069115de3f_crime_congruent,6023df50d5c2d7069115de3f,experiment_2,1,crime,CA,1.0,0.9282041841382261
5972,2_6023df50d5c2d7069115de3f_estate_implausible,6023df50d5c2d7069115de3f,experiment_2,3,estate,CA,0.8960249510179927,0.8756459991565483
5984,2_6023df50d5c2d7069115de3f_finance_incongruent,6023df50d5c2d7069115de3f,experiment_2,2,finance,CA,1.0,0.8093074821508816
5996,2_60358e8f4cf36d6725a603dd_crime_incongruent,60358e8f4cf36d6725a603dd,experiment_2,2,crime,CA,1.0,0.6133676991216666
6008,2_60358e8f4cf36d6725a603dd_estate_implausible,60358e8f4cf36d6725a603dd,experiment_2,3,estate,CA,0.9012270403350411,0.6847558375043598
6020,2_60358e8f4cf36d6725a603dd_finance_congruent,60358e8f4cf36d6725a603dd,experiment_2,1,finance,CA,0.8933996418221948,0.8013201464402434
6056,2_603691e060f42aaf3b034a94_crime_incongruent,603691e060f42aaf3b034a94,experiment_2,2,crime,CA,1.0,0.7291987198454679
6068,2_603691e060f42aaf3b034a94_estate_congruent,603691e060f42aaf3b034a94,experiment_2,1,estate,CA,1.0,0.7937157507482413
6080,2_603691e060f42aaf3b034a94_finance_implausible,603691e060f42aaf3b034a94,experiment_2,3,finance,CA,1.0,0.6000000000000001
6104,2_603bf563c71a1c8ca72cbbac_crime_incongruent,603bf563c71a1c8ca72cbbac,experiment_2,2,crime,CA,1.0,0.8724846573873324
6116,2_603bf563c71a1c8ca72cbbac_estate_implausible,603bf563c71a1c8ca72cbbac,experiment_2,3,estate,CA,0.8984653834866381,0.8541350085021054
6128,2_603bf563c71a1c8ca72cbbac_finance_congruent,603bf563c71a1c8ca72cbbac,experiment_2,1,finance,CA,1.0,0.9157848078933482
6152,2_603c11e7db9042987c7180be_crime_implausible,603c11e7db9042987c7180be,experiment_2,3,crime,CA,0.9301569704230421,0.5782013389904517
6164,2_603c11e7db9042987c7180be_estate_incongruent,603c11e7db9042987c7180be,experiment_2,2,estate,CA,1.0,0.7697169067640808
6176,2_603c11e7db9042987c7180be_finance_congruent,603c11e7db9042987c7180be,experiment_2,1,finance,CA,1.0,0.7662377088939077
6188,2_6040a6019923db2cb26b04e0_crime_congruent,6040a6019923db2cb26b04e0,experiment_2,1,crime,CA,1.0,0.8719631200671041
6200,2_6040a6019923db2cb26b04e0_estate_incongruent,6040a6019923db2cb26b04e0,experiment_2,2,estate,CA,1.0,0.8634952734420129
6212,2_6040a6019923db2cb26b04e0_finance_implausible,6040a6019923db2cb26b04e0,experiment_2,3,finance,CA,0.9282041841382261,0.818630937472497
6248,2_604258da4004870ebf00822d_crime_incongruent,604258da4004870ebf00822d,experiment_2,2,crime,CA,1.0,0.889903623487364
6260,2_604258da4004870ebf00822d_estate_implausible,604258da4004870ebf00822d,experiment_2,3,estate,CA,1.0,0.7951633774003244
6272,2_604258da4004870ebf00822d_finance_congruent,604258da4004870ebf00822d,experiment_2,1,finance,CA,1.0,0.9163757989992909
6284,2_604b859f965723dde6768f6c_crime_congruent,604b859f965723dde6768f6c,experiment_2,1,crime,CA,0.9188892894346188,0.8585786437626906
6296,2_604b859f965723dde6768f6c_estate_implausible,604b859f965723dde6768f6c,experiment_2,3,estate,CA,1.0,0.8679323640511565
6308,2_604b859f965723dde6768f6c_finance_incongruent,604b859f965723dde6768f6c,experiment_2,2,finance,CA,1.0,0.8769085090206673
6344,2_604e2e30b9ef1f91e2e6a67a_crime_implausible,604e2e30b9ef1f91e2e6a67a,experiment_2,3,crime,CA,0.8933996418221948,0.5472650398970951
6356,2_604e2e30b9ef1f91e2e6a67a_estate_congruent,604e2e30b9ef1f91e2e6a67a,experiment_2,1,estate,CA,1.0,0.9183503419072274
6368,2_604e2e30b9ef1f91e2e6a67a_finance_incongruent,604e2e30b9ef1f91e2e6a67a,experiment_2,2,finance,CA,1.0,0.7291987198454679
6380,2_6052554f2d140e57270e22f9_crime_incongruent,6052554f2d140e57270e22f9,experiment_2,2,crime,CA,0.9282041841382261,0.81004612605476
6392,2_6052554f2d140e57270e22f9_estate_congruent,6052554f2d140e57270e22f9,experiment_2,1,estate,CA,1.0,0.8885443574849294
6404,2_6052554f2d140e57270e22f9_finance_implausible,6052554f2d140e57270e22f9,experiment_2,3,finance,CA,0.8954583253021366,0.6049081613401641
6440,2_605260141614ee63870d2394_crime_incongruent,605260141614ee63870d2394,experiment_2,2,crime,CA,1.0,0.796580948913757
6452,2_605260141614ee63870d2394_estate_congruent,605260141614ee63870d2394,experiment_2,1,estate,CA,1.0,0.520842576250045
6464,2_605260141614ee63870d2394_finance_implausible,605260141614ee63870d2394,experiment_2,3,finance,CA,0.8989847455447789,0.8026144915120693
6488,2_6055511b69c5e470713c8717_crime_congruent,6055511b69c5e470713c8717,experiment_2,1,crime,CA,1.0,0.8394596752330161
6500,2_6055511b69c5e470713c8717_estate_incongruent,6055511b69c5e470713c8717,experiment_2,2,estate,CA,1.0,0.8438262381113939
6512,2_6055511b69c5e470713c8717_finance_implausible,6055511b69c5e470713c8717,experiment_2,3,finance,CA,0.9301569704230421,0.7512919983130966
6524,2_6055b240728724a27d38b40a_crime_incongruent,6055b240728724a27d38b40a,experiment_2,2,crime,CA,1.0,0.8492443277111181
6536,2_6055b240728724a27d38b40a_estate_congruent,6055b240728724a27d38b40a,experiment_2,1,estate,CA,1.0,0.8152127129280409
6548,2_6055b240728724a27d38b40a_finance_implausible,6055b240728724a27d38b40a,experiment_2,3,finance,CA,1.0,0.7683568766715363
6572,2_605b2e99ac3c7259bbbefc2f_crime_congruent,605b2e99ac3c7259bbbefc2f,experiment_2,1,crime,CA,0.8984653834866381,0.6955612921633185
6584,2_605b2e99ac3c7259bbbefc2f_estate_implausible,605b2e99ac3c7259bbbefc2f,experiment_2,3,estate,CA,1.0,0.6694101975463569
6596,2_605b2e99ac3c7259bbbefc2f_finance_incongruent,605b2e99ac3c7259bbbefc2f,experiment_2,2,finance,CA,1.0,0.8551586351244197
6632,2_606098b34aa547f1cb645083_crime_incongruent,606098b34aa547f1cb645083,experiment_2,2,crime,CA,1.0,1.0
6644,2_606098b34aa547f1cb645083_estate_implausible,606098b34aa547f1cb645083,experiment_2,3,estate,CA,1.0,0.8643353105061596
6656,2_606098b34aa547f1cb645083_finance_congruent,606098b34aa547f1cb645083,experiment_2,1,finance,CA,1.0,0.8198125074608882
6668,2_6063738895dfdf467955017c_crime_congruent,6063738895dfdf467955017c,experiment_2,1,crime,CA,1.0,0.9260778729045427
6680,2_6063738895dfdf467955017c_estate_incongruent,6063738895dfdf467955017c,experiment_2,2,estate,CA,1.0,0.6264563161811858
6692,2_6063738895dfdf467955017c_finance_implausible,6063738895dfdf467955017c,experiment_2,3,finance,CA,0.9282041841382261,0.7580566484363465
6716,2_60649bf146ce5a76f4bef1ce_crime_implausible,60649bf146ce5a76f4bef1ce,experiment_2,3,crime,CA,0.9282041841382261,0.7846125524146785
6728,2_60649bf146ce5a76f4bef1ce_estate_incongruent,60649bf146ce5a76f4bef1ce,experiment_2,2,estate,CA,1.0,0.9237507148336976
6740,2_60649bf146ce5a76f4bef1ce_finance_congruent,60649bf146ce5a76f4bef1ce,experiment_2,1,finance,CA,1.0,0.919417703597462
6764,2_6065ba36add2074fed28d812_crime_incongruent,6065ba36add2074fed28d812,experiment_2,2,crime,CA,1.0,0.8304841240947974
6776,2_6065ba36add2074fed28d812_estate_implausible,6065ba36add2074fed28d812,experiment_2,3,estate,CA,1.0,0.8643353105061596
6788,2_6065ba36add2074fed28d812_finance_congruent,6065ba36add2074fed28d812,experiment_2,1,finance,CA,0.8933996418221948,0.9221501055838477
6812,2_606a3cb8f0138d1b0a789c2b_crime_implausible,606a3cb8f0138d1b0a789c2b,experiment_2,3,crime,CA,0.8762820851736516,0.8295014151323816
6824,2_606a3cb8f0138d1b0a789c2b_estate_incongruent,606a3cb8f0138d1b0a789c2b,experiment_2,2,estate,CA,1.0,0.9188892894346188
6836,2_606a3cb8f0138d1b0a789c2b_finance_congruent,606a3cb8f0138d1b0a789c2b,experiment_2,1,finance,CA,0.9221501055838477,0.838835407194924
6872,2_607728dc0b4f8590b94ae57c_crime_incongruent,607728dc0b4f8590b94ae57c,experiment_2,2,crime,CA,1.0,0.7069307751534678
6884,2_607728dc0b4f8590b94ae57c_estate_congruent,607728dc0b4f8590b94ae57c,experiment_2,1,estate,CA,1.0,0.8679323640511565
6896,2_607728dc0b4f8590b94ae57c_finance_implausible,607728dc0b4f8590b94ae57c,experiment_2,3,finance,CA,1.0,0.7175914285525422
6920,2_6079b2d809f2f241470e821f_crime_incongruent,6079b2d809f2f241470e821f,experiment_2,2,crime,CA,1.0,0.8954583253021366
6932,2_6079b2d809f2f241470e821f_estate_congruent,6079b2d809f2f241470e821f,experiment_2,1,estate,CA,1.0,0.7507776068603866
6944,2_6079b2d809f2f241470e821f_finance_implausible,6079b2d809f2f241470e821f,experiment_2,3,finance,CA,0.8726570920065974,0.4915350696794777
6968,2_607dc10ae5bc5c8b32b18e9a_crime_incongruent,607dc10ae5bc5c8b32b18e9a,experiment_2,2,crime,CA,1.0,1.0
6980,2_607dc10ae5bc5c8b32b18e9a_estate_congruent,607dc10ae5bc5c8b32b18e9a,experiment_2,1,estate,CA,1.0,1.0
6992,2_607dc10ae5bc5c8b32b18e9a_finance_implausible,607dc10ae5bc5c8b32b18e9a,experiment_2,3,finance,CA,0.8984653834866381,0.8852921330647191
7004,2_6081db2a9344bdf3d4413d45_crime_congruent,6081db2a9344bdf3d4413d45,experiment_2,1,crime,CA,0.889903623487364,0.8394596752330161
7016,2_6081db2a9344bdf3d4413d45_estate_implausible,6081db2a9344bdf3d4413d45,experiment_2,3,estate,CA,0.8984653834866381,0.8984653834866381
7028,2_6081db2a9344bdf3d4413d45_finance_incongruent,6081db2a9344bdf3d4413d45,experiment_2,2,finance,CA,0.8960249510179927,0.8954583253021366
7052,2_6084499487b6d10d2aabda10_crime_congruent,6084499487b6d10d2aabda10,experiment_2,1,crime,CA,1.0,0.919417703597462
7064,2_6084499487b6d10d2aabda10_estate_implausible,6084499487b6d10d2aabda10,experiment_2,3,estate,CA,1.0,0.8551586351244197
7076,2_6084499487b6d10d2aabda10_finance_incongruent,6084499487b6d10d2aabda10,experiment_2,2,finance,CA,1.0,0.7664503167515431
7112,2_60913f7000c9d4d18948da79_crime_implausible,60913f7000c9d4d18948da79,experiment_2,3,crime,CA,0.8960249510179927,0.8817375208021835
7124,2_60913f7000c9d4d18948da79_estate_congruent,60913f7000c9d4d18948da79,experiment_2,1,estate,CA,1.0,1.0
7136,2_60913f7000c9d4d18948da79_finance_incongruent,60913f7000c9d4d18948da79,experiment_2,2,finance,CA,1.0,0.8604273684402294
7160,2_6092de3f71eab0b8ffb3a1fc_crime_incongruent,6092de3f71eab0b8ffb3a1fc,experiment_2,2,crime,CA,1.0,0.7471097305705634
7172,2_6092de3f71eab0b8ffb3a1fc_estate_implausible,6092de3f71eab0b8ffb3a1fc,experiment_2,3,estate,CA,0.8989847455447789,0.5708024623605239
7184,2_6092de3f71eab0b8ffb3a1fc_finance_congruent,6092de3f71eab0b8ffb3a1fc,experiment_2,1,finance,CA,1.0,0.5113222225747791
7208,2_60990347620d51b977f34ce0_crime_implausible,60990347620d51b977f34ce0,experiment_2,3,crime,CA,1.0,0.7485673235146281
7220,2_60990347620d51b977f34ce0_estate_incongruent,60990347620d51b977f34ce0,experiment_2,2,estate,CA,0.9221501055838477,0.91695452014626
7232,2_60990347620d51b977f34ce0_finance_congruent,60990347620d51b977f34ce0,experiment_2,1,finance,CA,0.889903623487364,0.8521557458090854
7256,2_609ab3c7fdf2516540d38003_crime_congruent,609ab3c7fdf2516540d38003,experiment_2,1,crime,CA,1.0,0.9183503419072274
7268,2_609ab3c7fdf2516540d38003_estate_incongruent,609ab3c7fdf2516540d38003,experiment_2,2,estate,CA,1.0,0.7697169067640808
7280,2_609ab3c7fdf2516540d38003_finance_implausible,609ab3c7fdf2516540d38003,experiment_2,3,finance,CA,0.8438262381113939,0.7705842661294382
7304,2_60a2541c0e5a829853aad745_crime_congruent,60a2541c0e5a829853aad745,experiment_2,1,crime,CA,0.9216739550012043,0.827226314883728
7316,2_60a2541c0e5a829853aad745_estate_incongruent,60a2541c0e5a829853aad745,experiment_2,2,estate,CA,1.0,0.7843344535931231
7328,2_60a2541c0e5a829853aad745_finance_implausible,60a2541c0e5a829853aad745,experiment_2,3,finance,CA,1.0,0.7268208176459234
7352,2_60a2e8c68b3c9c53a3aef722_crime_implausible,60a2e8c68b3c9c53a3aef722,experiment_2,3,crime,CA,0.8984653834866381,0.8044204353205106
7364,2_60a2e8c68b3c9c53a3aef722_estate_incongruent,60a2e8c68b3c9c53a3aef722,experiment_2,2,estate,CA,1.0,0.7113248654051871
7376,2_60a2e8c68b3c9c53a3aef722_finance_congruent,60a2e8c68b3c9c53a3aef722,experiment_2,1,finance,CA,1.0,0.91695452014626
7388,2_60a5769dbae38f67750f42e4_crime_incongruent,60a5769dbae38f67750f42e4,experiment_2,2,crime,CA,1.0,0.8116891057113227
7400,2_60a5769dbae38f67750f42e4_estate_implausible,60a5769dbae38f67750f42e4,experiment_2,3,estate,CA,0.8984653834866381,0.7787511605656451
7412,2_60a5769dbae38f67750f42e4_finance_congruent,60a5769dbae38f67750f42e4,experiment_2,1,finance,CA,1.0,1.0
7448,2_60a7bfcca14b2acd0cb66b16_crime_incongruent,60a7bfcca14b2acd0cb66b16,experiment_2,2,crime,CA,0.9301569704230421,0.7179619625911169
7460,2_60a7bfcca14b2acd0cb66b16_estate_implausible,60a7bfcca14b2acd0cb66b16,experiment_2,3,estate,CA,1.0,0.9037749551350623
7472,2_60a7bfcca14b2acd0cb66b16_finance_congruent,60a7bfcca14b2acd0cb66b16,experiment_2,1,finance,CA,1.0,0.7951633774003244
7496,2_60aabff11bad269f664ccbc7_crime_congruent,60aabff11bad269f664ccbc7,experiment_2,1,crime,CA,0.8927887465162205,0.8561610095543848
7508,2_60aabff11bad269f664ccbc7_estate_implausible,60aabff11bad269f664ccbc7,experiment_2,3,estate,CA,1.0,0.7418011102528389
7520,2_60aabff11bad269f664ccbc7_finance_incongruent,60aabff11bad269f664ccbc7,experiment_2,2,finance,CA,0.9285714285714286,0.8595121282627459
7544,2_60aac06904242bda27c46987_crime_incongruent,60aac06904242bda27c46987,experiment_2,2,crime,CA,0.8921672267965616,0.6454819326052766
7556,2_60aac06904242bda27c46987_estate_implausible,60aac06904242bda27c46987,experiment_2,3,estate,CA,0.8756459991565483,0.5752502252690173
7568,2_60aac06904242bda27c46987_finance_congruent,60aac06904242bda27c46987,experiment_2,1,finance,CA,0.919417703597462,0.49435010315256844
7580,2_60ae4fc3b2a7bb662abb8852_crime_incongruent,60ae4fc3b2a7bb662abb8852,experiment_2,2,crime,CA,0.5813620514588257,0.6388424407426925
7592,2_60ae4fc3b2a7bb662abb8852_estate_congruent,60ae4fc3b2a7bb662abb8852,experiment_2,1,estate,CA,0.5162205531531032,0.5527864045000421
7604,2_60ae4fc3b2a7bb662abb8852_finance_implausible,60ae4fc3b2a7bb662abb8852,experiment_2,3,finance,CA,0.4647556758951231,0.6388424407426925
7640,2_60afa415649ba80204381dad_crime_implausible,60afa415649ba80204381dad,experiment_2,3,crime,CA,1.0,0.5483946762702496
7652,2_60afa415649ba80204381dad_estate_incongruent,60afa415649ba80204381dad,experiment_2,2,estate,CA,1.0,0.8438262381113939
7664,2_60afa415649ba80204381dad_finance_congruent,60afa415649ba80204381dad,experiment_2,1,finance,CA,1.0,0.913613157441864
7688,2_60b553fb5705a4355358afaf_crime_congruent,60b553fb5705a4355358afaf,experiment_2,1,crime,CA,1.0,0.919417703597462
7700,2_60b553fb5705a4355358afaf_estate_implausible,60b553fb5705a4355358afaf,experiment_2,3,estate,CA,0.882148869802242,0.8756459991565483
7712,2_60b553fb5705a4355358afaf_finance_incongruent,60b553fb5705a4355358afaf,experiment_2,2,finance,CA,0.9241901956421097,0.7219360008399758
7736,2_60b5cbacd78980bbcd8ddd41_crime_incongruent,60b5cbacd78980bbcd8ddd41,experiment_2,2,crime,CA,1.0,0.6791555260401261
7748,2_60b5cbacd78980bbcd8ddd41_estate_implausible,60b5cbacd78980bbcd8ddd41,experiment_2,3,estate,CA,0.8960249510179927,0.563205455981636
7760,2_60b5cbacd78980bbcd8ddd41_finance_congruent,60b5cbacd78980bbcd8ddd41,experiment_2,1,finance,CA,1.0,0.9105572809000084
7772,2_60b64f694c19cc0041d1a830_crime_incongruent,60b64f694c19cc0041d1a830,experiment_2,2,crime,CA,1.0,0.8198125074608882
7784,2_60b64f694c19cc0041d1a830_estate_congruent,60b64f694c19cc0041d1a830,experiment_2,1,estate,CA,1.0,0.8443002111676954
7796,2_60b64f694c19cc0041d1a830_finance_implausible,60b64f694c19cc0041d1a830,experiment_2,3,finance,CA,0.9282041841382261,0.7094563984260118
7820,2_60b66d5d7b07f575f5070524_crime_congruent,60b66d5d7b07f575f5070524,experiment_2,1,crime,CA,1.0,0.8817375208021835
7832,2_60b66d5d7b07f575f5070524_estate_implausible,60b66d5d7b07f575f5070524,experiment_2,3,estate,CA,0.9282041841382261,0.7449693147746647
7844,2_60b66d5d7b07f575f5070524_finance_incongruent,60b66d5d7b07f575f5070524,experiment_2,2,finance,CA,1.0,0.8561610095543848
7868,2_60b6bccce70b9dcb57760f69_crime_implausible,60b6bccce70b9dcb57760f69,experiment_2,3,crime,CA,0.8984653834866381,0.6286093236458963
7880,2_60b6bccce70b9dcb57760f69_estate_incongruent,60b6bccce70b9dcb57760f69,experiment_2,2,estate,CA,0.8571428571428572,0.7904709112691266
7892,2_60b6bccce70b9dcb57760f69_finance_congruent,60b6bccce70b9dcb57760f69,experiment_2,1,finance,CA,0.8984653834866381,0.7940285397822251
7916,2_60b6c415dbda3236ea22455a_crime_congruent,60b6c415dbda3236ea22455a,experiment_2,1,crime,CA,1.0,0.6273220037500351
7928,2_60b6c415dbda3236ea22455a_estate_incongruent,60b6c415dbda3236ea22455a,experiment_2,2,estate,CA,1.0,0.7046877883906908
7940,2_60b6c415dbda3236ea22455a_finance_implausible,60b6c415dbda3236ea22455a,experiment_2,3,finance,CA,0.8984653834866381,0.7683568766715363
7964,2_60b7e7db11897639638f15cb_crime_incongruent,60b7e7db11897639638f15cb,experiment_2,2,crime,CA,1.0,0.7683568766715363
7976,2_60b7e7db11897639638f15cb_estate_implausible,60b7e7db11897639638f15cb,experiment_2,3,estate,CA,0.9012270403350411,0.8954583253021366
7988,2_60b7e7db11897639638f15cb_finance_congruent,60b7e7db11897639638f15cb,experiment_2,1,finance,CA,1.0,1.0
8024,2_60b889967014a024377477fa_crime_incongruent,60b889967014a024377477fa,experiment_2,2,crime,CA,0.9216739550012043,0.8241368854718353
8036,2_60b889967014a024377477fa_estate_congruent,60b889967014a024377477fa,experiment_2,1,estate,CA,0.8927887465162205,0.8564083682764524
8048,2_60b889967014a024377477fa_finance_implausible,60b889967014a024377477fa,experiment_2,3,finance,CA,0.8564083682764524,0.8333333333333334
8072,2_60b8bfa6fd93d6732a7d4ddf_crime_implausible,60b8bfa6fd93d6732a7d4ddf,experiment_2,3,crime,CA,1.0,0.9301569704230421
8084,2_60b8bfa6fd93d6732a7d4ddf_estate_incongruent,60b8bfa6fd93d6732a7d4ddf,experiment_2,2,estate,CA,0.9216739550012043,0.9216739550012043
8096,2_60b8bfa6fd93d6732a7d4ddf_finance_congruent,60b8bfa6fd93d6732a7d4ddf,experiment_2,1,finance,CA,0.8719631200671041,0.8564083682764524
8120,2_60b8db5feb283b86cce8de9f_crime_implausible,60b8db5feb283b86cce8de9f,experiment_2,3,crime,CA,1.0,0.6518446880886043
8132,2_60b8db5feb283b86cce8de9f_estate_congruent,60b8db5feb283b86cce8de9f,experiment_2,1,estate,CA,1.0,0.6440973915989563
8144,2_60b8db5feb283b86cce8de9f_finance_incongruent,60b8db5feb283b86cce8de9f,experiment_2,2,finance,CA,1.0,0.6676370714428732
8156,2_60b90114ef13bcd3c200c193_crime_implausible,60b90114ef13bcd3c200c193,experiment_2,3,crime,CA,0.9241901956421097,0.8433479100024085
8168,2_60b90114ef13bcd3c200c193_estate_congruent,60b90114ef13bcd3c200c193,experiment_2,1,estate,CA,1.0,0.8769085090206673
8180,2_60b90114ef13bcd3c200c193_finance_incongruent,60b90114ef13bcd3c200c193,experiment_2,2,finance,CA,1.0,0.9188892894346188
8204,2_60b91d545349ec32de395ddd_crime_congruent,60b91d545349ec32de395ddd,experiment_2,1,crime,CA,0.4870108239574229,0.4870108239574229
8216,2_60b91d545349ec32de395ddd_estate_incongruent,60b91d545349ec32de395ddd,experiment_2,2,estate,CA,0.4861906968533949,0.39302302133311595
8228,2_60b91d545349ec32de395ddd_finance_implausible,60b91d545349ec32de395ddd,experiment_2,3,finance,CA,0.5285954792089684,0.5108540057600577
8264,2_60ba349d21c7acbaaabc36dd_crime_implausible,60ba349d21c7acbaaabc36dd,experiment_2,3,crime,CA,1.0,0.6497152779479706
8276,2_60ba349d21c7acbaaabc36dd_estate_congruent,60ba349d21c7acbaaabc36dd,experiment_2,1,estate,CA,1.0,0.8356010126946427
8288,2_60ba349d21c7acbaaabc36dd_finance_incongruent,60ba349d21c7acbaaabc36dd,experiment_2,2,finance,CA,0.9241901956421097,0.8954583253021366
8300,2_60ba6740a76fadb32842870e_crime_incongruent,60ba6740a76fadb32842870e,experiment_2,2,crime,CA,1.0,0.8398718461949128
8312,2_60ba6740a76fadb32842870e_estate_congruent,60ba6740a76fadb32842870e,experiment_2,1,estate,CA,0.9216739550012043,0.8475014296673953
8324,2_60ba6740a76fadb32842870e_finance_implausible,60ba6740a76fadb32842870e,experiment_2,3,finance,CA,0.8984653834866381,0.6650445970711631
8360,2_60ba81c2a91092e4071c276c_crime_implausible,60ba81c2a91092e4071c276c,experiment_2,3,crime,CA,0.9282041841382261,0.81004612605476
8372,2_60ba81c2a91092e4071c276c_estate_congruent,60ba81c2a91092e4071c276c,experiment_2,1,estate,CA,1.0,0.7904709112691266
8384,2_60ba81c2a91092e4071c276c_finance_incongruent,60ba81c2a91092e4071c276c,experiment_2,2,finance,CA,1.0,0.5765494777101035
8408,2_60bb608a2da16013513f577e_crime_incongruent,60bb608a2da16013513f577e,experiment_2,2,crime,CA,1.0,0.8679323640511565
8420,2_60bb608a2da16013513f577e_estate_implausible,60bb608a2da16013513f577e,experiment_2,3,estate,CA,0.8762820851736516,0.818928507914963
8432,2_60bb608a2da16013513f577e_finance_congruent,60bb608a2da16013513f577e,experiment_2,1,finance,CA,1.0,0.7512919983130966
8456,2_60bd04a3749e1ca47e54d3e1_crime_congruent,60bd04a3749e1ca47e54d3e1,experiment_2,1,crime,CA,1.0,0.8954583253021366
8468,2_60bd04a3749e1ca47e54d3e1_estate_implausible,60bd04a3749e1ca47e54d3e1,experiment_2,3,estate,CA,0.9282041841382261,0.8394596752330161
8480,2_60bd04a3749e1ca47e54d3e1_finance_incongruent,60bd04a3749e1ca47e54d3e1,experiment_2,2,finance,CA,1.0,0.6230696314539774
8504,2_60bda3d97d8f5c8f09917d2f_crime_incongruent,60bda3d97d8f5c8f09917d2f,experiment_2,2,crime,CA,1.0,0.7418011102528389
8516,2_60bda3d97d8f5c8f09917d2f_estate_implausible,60bda3d97d8f5c8f09917d2f,experiment_2,3,estate,CA,0.8719631200671041,0.6984886554222364
8528,2_60bda3d97d8f5c8f09917d2f_finance_congruent,60bda3d97d8f5c8f09917d2f,experiment_2,1,finance,CA,0.91695452014626,0.8867722965855405
8540,2_60bddb39c8287f341bad6ad6_crime_incongruent,60bddb39c8287f341bad6ad6,experiment_2,2,crime,CA,0.8790283242181732,0.7288369277266797
8552,2_60bddb39c8287f341bad6ad6_estate_implausible,60bddb39c8287f341bad6ad6,experiment_2,3,estate,CA,0.8960249510179927,0.5544336056604966
8564,2_60bddb39c8287f341bad6ad6_finance_congruent,60bddb39c8287f341bad6ad6,experiment_2,1,finance,CA,1.0,0.5303317816861379
8588,2_60bdf618de5fce4b2423e8d7_crime_incongruent,60bdf618de5fce4b2423e8d7,experiment_2,2,crime,CA,0.9260778729045427,0.8984653834866381
8600,2_60bdf618de5fce4b2423e8d7_estate_congruent,60bdf618de5fce4b2423e8d7,experiment_2,1,estate,CA,1.0,0.8756459991565483
8612,2_60bdf618de5fce4b2423e8d7_finance_implausible,60bdf618de5fce4b2423e8d7,experiment_2,3,finance,CA,1.0,0.8289202154463398
8648,2_60be136a592f08dc5f9e4b28_crime_congruent,60be136a592f08dc5f9e4b28,experiment_2,1,crime,CA,1.0,0.8885443574849294
8660,2_60be136a592f08dc5f9e4b28_estate_incongruent,60be136a592f08dc5f9e4b28,experiment_2,2,estate,CA,1.0,0.8130106019983085
8672,2_60be136a592f08dc5f9e4b28_finance_implausible,60be136a592f08dc5f9e4b28,experiment_2,3,finance,CA,1.0,0.5041152963195352
